/*
 Navicat Premium Data Transfer

 Source Server         : laragon
 Source Server Type    : MySQL
 Source Server Version : 50724
 Source Host           : localhost:3306
 Source Schema         : laravelexcelapp

 Target Server Type    : MySQL
 Target Server Version : 50724
 File Encoding         : 65001

 Date: 05/05/2019 16:16:17
*/

SET NAMES utf8mb4;
SET FOREIGN_KEY_CHECKS = 0;

-- ----------------------------
-- Table structure for authors
-- ----------------------------
DROP TABLE IF EXISTS `authors`;
CREATE TABLE `authors`  (
  `id` int(10) UNSIGNED NOT NULL AUTO_INCREMENT,
  `name` varchar(255) CHARACTER SET utf8mb4 COLLATE utf8mb4_unicode_ci NOT NULL,
  `surname` varchar(255) CHARACTER SET utf8mb4 COLLATE utf8mb4_unicode_ci NOT NULL,
  `created_at` timestamp(0) NULL DEFAULT NULL,
  `updated_at` timestamp(0) NULL DEFAULT NULL,
  `book_id` int(10) UNSIGNED NULL DEFAULT NULL,
  PRIMARY KEY (`id`) USING BTREE,
  INDEX `authors_book_id_index`(`book_id`) USING BTREE,
  CONSTRAINT `authors_book_id_foreign` FOREIGN KEY (`book_id`) REFERENCES `books` (`id`) ON DELETE RESTRICT ON UPDATE RESTRICT
) ENGINE = InnoDB AUTO_INCREMENT = 21 CHARACTER SET = utf8mb4 COLLATE = utf8mb4_unicode_ci ROW_FORMAT = Dynamic;

-- ----------------------------
-- Records of authors
-- ----------------------------
INSERT INTO `authors` VALUES (1, 'Name1', 'Surname1', NULL, NULL, 1);
INSERT INTO `authors` VALUES (2, 'Name2', 'Surname2', NULL, NULL, 1);
INSERT INTO `authors` VALUES (3, 'Name3', 'Surname3', NULL, NULL, 1);
INSERT INTO `authors` VALUES (4, 'Name4', 'Surname4', NULL, NULL, 2);
INSERT INTO `authors` VALUES (5, 'Name5', 'Surname5', NULL, NULL, 2);
INSERT INTO `authors` VALUES (6, 'Name6', 'Surname6', NULL, NULL, 2);
INSERT INTO `authors` VALUES (7, 'Name7', 'Surname7', NULL, NULL, 3);
INSERT INTO `authors` VALUES (8, 'Name8', 'Surname8', NULL, NULL, 4);
INSERT INTO `authors` VALUES (9, 'Name9', 'Surname9', NULL, NULL, 4);
INSERT INTO `authors` VALUES (10, 'Name10', 'Surname10', NULL, NULL, 4);
INSERT INTO `authors` VALUES (11, 'Name1', 'Surname1', NULL, NULL, 1);
INSERT INTO `authors` VALUES (12, 'Name2', 'Surname2', NULL, NULL, 1);
INSERT INTO `authors` VALUES (13, 'Name3', 'Surname3', NULL, NULL, 1);
INSERT INTO `authors` VALUES (14, 'Name4', 'Surname4', NULL, NULL, 2);
INSERT INTO `authors` VALUES (15, 'Name5', 'Surname5', NULL, NULL, 2);
INSERT INTO `authors` VALUES (16, 'Name6', 'Surname6', NULL, NULL, 2);
INSERT INTO `authors` VALUES (17, 'Name7', 'Surname7', NULL, NULL, 3);
INSERT INTO `authors` VALUES (18, 'Name8', 'Surname8', NULL, NULL, 4);
INSERT INTO `authors` VALUES (19, 'Name9', 'Surname9', NULL, NULL, 4);
INSERT INTO `authors` VALUES (20, 'Name10', 'Surname10', NULL, NULL, 4);

-- ----------------------------
-- Table structure for books
-- ----------------------------
DROP TABLE IF EXISTS `books`;
CREATE TABLE `books`  (
  `id` int(10) UNSIGNED NOT NULL AUTO_INCREMENT,
  `title` varchar(255) CHARACTER SET utf8mb4 COLLATE utf8mb4_unicode_ci NOT NULL,
  `description` text CHARACTER SET utf8mb4 COLLATE utf8mb4_unicode_ci NOT NULL,
  `author` varchar(255) CHARACTER SET utf8mb4 COLLATE utf8mb4_unicode_ci NOT NULL,
  `editor` varchar(255) CHARACTER SET utf8mb4 COLLATE utf8mb4_unicode_ci NOT NULL,
  `created_at` timestamp(0) NULL DEFAULT NULL,
  `updated_at` timestamp(0) NULL DEFAULT NULL,
  PRIMARY KEY (`id`) USING BTREE
) ENGINE = InnoDB AUTO_INCREMENT = 127 CHARACTER SET = utf8mb4 COLLATE = utf8mb4_unicode_ci ROW_FORMAT = Dynamic;

-- ----------------------------
-- Records of books
-- ----------------------------
INSERT INTO `books` VALUES (1, 'Lorem ipsum dolor sit amet1', 'Lorem ipsum dolor sit amet, qui labores accumsan an. Omnes tamquam id ius. Nec eligendi convenire splendide te, id sea facete audiam. In vis ridens sanctus epicurei, ad pro possim eripuit adolescens, ad eos veritus molestie.\nNe aeterno urbanitas eum. Ei laudem animal consequat est, no vis ceteros maluisset neglegentur. Eum natum virtute in, ei consequat liberavisse vis. Eu mea lobortis assueverit, causae platonem eam ei, his cu omnis bonorum interesset. Ex euismod perfecto has, at deserunt sensibus recteque usu. Et simul decore quo, et mea periculis urbanitas, no eam cetero vivendum.\n', 'Author1', 'Editor1', NULL, NULL);
INSERT INTO `books` VALUES (2, 'Lorem ipsum dolor sit amet2', 'Lorem ipsum dolor sit amet, qui labores accumsan an. Omnes tamquam id ius. Nec eligendi convenire splendide te, id sea facete audiam. In vis ridens sanctus epicurei, ad pro possim eripuit adolescens, ad eos veritus molestie.\nNe aeterno urbanitas eum. Ei laudem animal consequat est, no vis ceteros maluisset neglegentur. Eum natum virtute in, ei consequat liberavisse vis. Eu mea lobortis assueverit, causae platonem eam ei, his cu omnis bonorum interesset. Ex euismod perfecto has, at deserunt sensibus recteque usu. Et simul decore quo, et mea periculis urbanitas, no eam cetero vivendum.\n', 'Author2', 'Editor2', NULL, NULL);
INSERT INTO `books` VALUES (3, 'Lorem ipsum dolor sit amet3', 'Lorem ipsum dolor sit amet, qui labores accumsan an. Omnes tamquam id ius. Nec eligendi convenire splendide te, id sea facete audiam. In vis ridens sanctus epicurei, ad pro possim eripuit adolescens, ad eos veritus molestie.\nNe aeterno urbanitas eum. Ei laudem animal consequat est, no vis ceteros maluisset neglegentur. Eum natum virtute in, ei consequat liberavisse vis. Eu mea lobortis assueverit, causae platonem eam ei, his cu omnis bonorum interesset. Ex euismod perfecto has, at deserunt sensibus recteque usu. Et simul decore quo, et mea periculis urbanitas, no eam cetero vivendum.\n', 'Author3', 'Editor3', NULL, NULL);
INSERT INTO `books` VALUES (4, 'Lorem ipsum dolor sit amet4', 'Lorem ipsum dolor sit amet, qui labores accumsan an. Omnes tamquam id ius. Nec eligendi convenire splendide te, id sea facete audiam. In vis ridens sanctus epicurei, ad pro possim eripuit adolescens, ad eos veritus molestie.\nNe aeterno urbanitas eum. Ei laudem animal consequat est, no vis ceteros maluisset neglegentur. Eum natum virtute in, ei consequat liberavisse vis. Eu mea lobortis assueverit, causae platonem eam ei, his cu omnis bonorum interesset. Ex euismod perfecto has, at deserunt sensibus recteque usu. Et simul decore quo, et mea periculis urbanitas, no eam cetero vivendum.\n', 'Author4', 'Editor4', NULL, NULL);
INSERT INTO `books` VALUES (5, 'Lorem ipsum dolor sit amet5', 'Lorem ipsum dolor sit amet, qui labores accumsan an. Omnes tamquam id ius. Nec eligendi convenire splendide te, id sea facete audiam. In vis ridens sanctus epicurei, ad pro possim eripuit adolescens, ad eos veritus molestie.\nNe aeterno urbanitas eum. Ei laudem animal consequat est, no vis ceteros maluisset neglegentur. Eum natum virtute in, ei consequat liberavisse vis. Eu mea lobortis assueverit, causae platonem eam ei, his cu omnis bonorum interesset. Ex euismod perfecto has, at deserunt sensibus recteque usu. Et simul decore quo, et mea periculis urbanitas, no eam cetero vivendum.\n', 'Author5', 'Editor5', NULL, NULL);
INSERT INTO `books` VALUES (6, 'Lorem ipsum dolor sit amet6', 'Lorem ipsum dolor sit amet, qui labores accumsan an. Omnes tamquam id ius. Nec eligendi convenire splendide te, id sea facete audiam. In vis ridens sanctus epicurei, ad pro possim eripuit adolescens, ad eos veritus molestie.\nNe aeterno urbanitas eum. Ei laudem animal consequat est, no vis ceteros maluisset neglegentur. Eum natum virtute in, ei consequat liberavisse vis. Eu mea lobortis assueverit, causae platonem eam ei, his cu omnis bonorum interesset. Ex euismod perfecto has, at deserunt sensibus recteque usu. Et simul decore quo, et mea periculis urbanitas, no eam cetero vivendum.\n', 'Author6', 'Editor6', NULL, NULL);
INSERT INTO `books` VALUES (7, 'Lorem ipsum dolor sit amet7', 'Lorem ipsum dolor sit amet, qui labores accumsan an. Omnes tamquam id ius. Nec eligendi convenire splendide te, id sea facete audiam. In vis ridens sanctus epicurei, ad pro possim eripuit adolescens, ad eos veritus molestie.\nNe aeterno urbanitas eum. Ei laudem animal consequat est, no vis ceteros maluisset neglegentur. Eum natum virtute in, ei consequat liberavisse vis. Eu mea lobortis assueverit, causae platonem eam ei, his cu omnis bonorum interesset. Ex euismod perfecto has, at deserunt sensibus recteque usu. Et simul decore quo, et mea periculis urbanitas, no eam cetero vivendum.\n', 'Author7', 'Editor7', NULL, NULL);
INSERT INTO `books` VALUES (8, 'Lorem ipsum dolor sit amet8', 'Lorem ipsum dolor sit amet, qui labores accumsan an. Omnes tamquam id ius. Nec eligendi convenire splendide te, id sea facete audiam. In vis ridens sanctus epicurei, ad pro possim eripuit adolescens, ad eos veritus molestie.\nNe aeterno urbanitas eum. Ei laudem animal consequat est, no vis ceteros maluisset neglegentur. Eum natum virtute in, ei consequat liberavisse vis. Eu mea lobortis assueverit, causae platonem eam ei, his cu omnis bonorum interesset. Ex euismod perfecto has, at deserunt sensibus recteque usu. Et simul decore quo, et mea periculis urbanitas, no eam cetero vivendum.\n', 'Author8', 'Editor8', NULL, NULL);
INSERT INTO `books` VALUES (9, 'Lorem ipsum dolor sit amet9', 'Lorem ipsum dolor sit amet, qui labores accumsan an. Omnes tamquam id ius. Nec eligendi convenire splendide te, id sea facete audiam. In vis ridens sanctus epicurei, ad pro possim eripuit adolescens, ad eos veritus molestie.\nNe aeterno urbanitas eum. Ei laudem animal consequat est, no vis ceteros maluisset neglegentur. Eum natum virtute in, ei consequat liberavisse vis. Eu mea lobortis assueverit, causae platonem eam ei, his cu omnis bonorum interesset. Ex euismod perfecto has, at deserunt sensibus recteque usu. Et simul decore quo, et mea periculis urbanitas, no eam cetero vivendum.\n', 'Author9', 'Editor9', NULL, NULL);
INSERT INTO `books` VALUES (10, 'Lorem ipsum dolor sit amet10', 'Lorem ipsum dolor sit amet, qui labores accumsan an. Omnes tamquam id ius. Nec eligendi convenire splendide te, id sea facete audiam. In vis ridens sanctus epicurei, ad pro possim eripuit adolescens, ad eos veritus molestie.\nNe aeterno urbanitas eum. Ei laudem animal consequat est, no vis ceteros maluisset neglegentur. Eum natum virtute in, ei consequat liberavisse vis. Eu mea lobortis assueverit, causae platonem eam ei, his cu omnis bonorum interesset. Ex euismod perfecto has, at deserunt sensibus recteque usu. Et simul decore quo, et mea periculis urbanitas, no eam cetero vivendum.\n', 'Author10', 'Editor10', NULL, NULL);
INSERT INTO `books` VALUES (11, 'Lorem ipsum dolor sit amet11', 'Lorem ipsum dolor sit amet, qui labores accumsan an. Omnes tamquam id ius. Nec eligendi convenire splendide te, id sea facete audiam. In vis ridens sanctus epicurei, ad pro possim eripuit adolescens, ad eos veritus molestie.\nNe aeterno urbanitas eum. Ei laudem animal consequat est, no vis ceteros maluisset neglegentur. Eum natum virtute in, ei consequat liberavisse vis. Eu mea lobortis assueverit, causae platonem eam ei, his cu omnis bonorum interesset. Ex euismod perfecto has, at deserunt sensibus recteque usu. Et simul decore quo, et mea periculis urbanitas, no eam cetero vivendum.\n', 'Author11', 'Editor11', NULL, NULL);
INSERT INTO `books` VALUES (12, 'Lorem ipsum dolor sit amet12', 'Lorem ipsum dolor sit amet, qui labores accumsan an. Omnes tamquam id ius. Nec eligendi convenire splendide te, id sea facete audiam. In vis ridens sanctus epicurei, ad pro possim eripuit adolescens, ad eos veritus molestie.\nNe aeterno urbanitas eum. Ei laudem animal consequat est, no vis ceteros maluisset neglegentur. Eum natum virtute in, ei consequat liberavisse vis. Eu mea lobortis assueverit, causae platonem eam ei, his cu omnis bonorum interesset. Ex euismod perfecto has, at deserunt sensibus recteque usu. Et simul decore quo, et mea periculis urbanitas, no eam cetero vivendum.\n', 'Author12', 'Editor12', NULL, NULL);
INSERT INTO `books` VALUES (13, 'Lorem ipsum dolor sit amet13', 'Lorem ipsum dolor sit amet, qui labores accumsan an. Omnes tamquam id ius. Nec eligendi convenire splendide te, id sea facete audiam. In vis ridens sanctus epicurei, ad pro possim eripuit adolescens, ad eos veritus molestie.\nNe aeterno urbanitas eum. Ei laudem animal consequat est, no vis ceteros maluisset neglegentur. Eum natum virtute in, ei consequat liberavisse vis. Eu mea lobortis assueverit, causae platonem eam ei, his cu omnis bonorum interesset. Ex euismod perfecto has, at deserunt sensibus recteque usu. Et simul decore quo, et mea periculis urbanitas, no eam cetero vivendum.\n', 'Author13', 'Editor13', NULL, NULL);
INSERT INTO `books` VALUES (14, 'Lorem ipsum dolor sit amet14', 'Lorem ipsum dolor sit amet, qui labores accumsan an. Omnes tamquam id ius. Nec eligendi convenire splendide te, id sea facete audiam. In vis ridens sanctus epicurei, ad pro possim eripuit adolescens, ad eos veritus molestie.\nNe aeterno urbanitas eum. Ei laudem animal consequat est, no vis ceteros maluisset neglegentur. Eum natum virtute in, ei consequat liberavisse vis. Eu mea lobortis assueverit, causae platonem eam ei, his cu omnis bonorum interesset. Ex euismod perfecto has, at deserunt sensibus recteque usu. Et simul decore quo, et mea periculis urbanitas, no eam cetero vivendum.\n', 'Author14', 'Editor14', NULL, NULL);
INSERT INTO `books` VALUES (15, 'Lorem ipsum dolor sit amet15', 'Lorem ipsum dolor sit amet, qui labores accumsan an. Omnes tamquam id ius. Nec eligendi convenire splendide te, id sea facete audiam. In vis ridens sanctus epicurei, ad pro possim eripuit adolescens, ad eos veritus molestie.\nNe aeterno urbanitas eum. Ei laudem animal consequat est, no vis ceteros maluisset neglegentur. Eum natum virtute in, ei consequat liberavisse vis. Eu mea lobortis assueverit, causae platonem eam ei, his cu omnis bonorum interesset. Ex euismod perfecto has, at deserunt sensibus recteque usu. Et simul decore quo, et mea periculis urbanitas, no eam cetero vivendum.\n', 'Author15', 'Editor15', NULL, NULL);
INSERT INTO `books` VALUES (16, 'Lorem ipsum dolor sit amet16', 'Lorem ipsum dolor sit amet, qui labores accumsan an. Omnes tamquam id ius. Nec eligendi convenire splendide te, id sea facete audiam. In vis ridens sanctus epicurei, ad pro possim eripuit adolescens, ad eos veritus molestie.\nNe aeterno urbanitas eum. Ei laudem animal consequat est, no vis ceteros maluisset neglegentur. Eum natum virtute in, ei consequat liberavisse vis. Eu mea lobortis assueverit, causae platonem eam ei, his cu omnis bonorum interesset. Ex euismod perfecto has, at deserunt sensibus recteque usu. Et simul decore quo, et mea periculis urbanitas, no eam cetero vivendum.\n', 'Author16', 'Editor16', NULL, NULL);
INSERT INTO `books` VALUES (17, 'Lorem ipsum dolor sit amet17', 'Lorem ipsum dolor sit amet, qui labores accumsan an. Omnes tamquam id ius. Nec eligendi convenire splendide te, id sea facete audiam. In vis ridens sanctus epicurei, ad pro possim eripuit adolescens, ad eos veritus molestie.\nNe aeterno urbanitas eum. Ei laudem animal consequat est, no vis ceteros maluisset neglegentur. Eum natum virtute in, ei consequat liberavisse vis. Eu mea lobortis assueverit, causae platonem eam ei, his cu omnis bonorum interesset. Ex euismod perfecto has, at deserunt sensibus recteque usu. Et simul decore quo, et mea periculis urbanitas, no eam cetero vivendum.\n', 'Author17', 'Editor17', NULL, NULL);
INSERT INTO `books` VALUES (18, 'Lorem ipsum dolor sit amet18', 'Lorem ipsum dolor sit amet, qui labores accumsan an. Omnes tamquam id ius. Nec eligendi convenire splendide te, id sea facete audiam. In vis ridens sanctus epicurei, ad pro possim eripuit adolescens, ad eos veritus molestie.\nNe aeterno urbanitas eum. Ei laudem animal consequat est, no vis ceteros maluisset neglegentur. Eum natum virtute in, ei consequat liberavisse vis. Eu mea lobortis assueverit, causae platonem eam ei, his cu omnis bonorum interesset. Ex euismod perfecto has, at deserunt sensibus recteque usu. Et simul decore quo, et mea periculis urbanitas, no eam cetero vivendum.\n', 'Author18', 'Editor18', NULL, NULL);
INSERT INTO `books` VALUES (19, 'Lorem ipsum dolor sit amet19', 'Lorem ipsum dolor sit amet, qui labores accumsan an. Omnes tamquam id ius. Nec eligendi convenire splendide te, id sea facete audiam. In vis ridens sanctus epicurei, ad pro possim eripuit adolescens, ad eos veritus molestie.\nNe aeterno urbanitas eum. Ei laudem animal consequat est, no vis ceteros maluisset neglegentur. Eum natum virtute in, ei consequat liberavisse vis. Eu mea lobortis assueverit, causae platonem eam ei, his cu omnis bonorum interesset. Ex euismod perfecto has, at deserunt sensibus recteque usu. Et simul decore quo, et mea periculis urbanitas, no eam cetero vivendum.\n', 'Author19', 'Editor19', NULL, NULL);
INSERT INTO `books` VALUES (20, 'Lorem ipsum dolor sit amet20', 'Lorem ipsum dolor sit amet, qui labores accumsan an. Omnes tamquam id ius. Nec eligendi convenire splendide te, id sea facete audiam. In vis ridens sanctus epicurei, ad pro possim eripuit adolescens, ad eos veritus molestie.\nNe aeterno urbanitas eum. Ei laudem animal consequat est, no vis ceteros maluisset neglegentur. Eum natum virtute in, ei consequat liberavisse vis. Eu mea lobortis assueverit, causae platonem eam ei, his cu omnis bonorum interesset. Ex euismod perfecto has, at deserunt sensibus recteque usu. Et simul decore quo, et mea periculis urbanitas, no eam cetero vivendum.\n', 'Author20', 'Editor20', NULL, NULL);
INSERT INTO `books` VALUES (21, 'Lorem ipsum dolor sit amet21', 'Lorem ipsum dolor sit amet, qui labores accumsan an. Omnes tamquam id ius. Nec eligendi convenire splendide te, id sea facete audiam. In vis ridens sanctus epicurei, ad pro possim eripuit adolescens, ad eos veritus molestie.\nNe aeterno urbanitas eum. Ei laudem animal consequat est, no vis ceteros maluisset neglegentur. Eum natum virtute in, ei consequat liberavisse vis. Eu mea lobortis assueverit, causae platonem eam ei, his cu omnis bonorum interesset. Ex euismod perfecto has, at deserunt sensibus recteque usu. Et simul decore quo, et mea periculis urbanitas, no eam cetero vivendum.\n', 'Author21', 'Editor21', NULL, NULL);
INSERT INTO `books` VALUES (22, 'Lorem ipsum dolor sit amet22', 'Lorem ipsum dolor sit amet, qui labores accumsan an. Omnes tamquam id ius. Nec eligendi convenire splendide te, id sea facete audiam. In vis ridens sanctus epicurei, ad pro possim eripuit adolescens, ad eos veritus molestie.\nNe aeterno urbanitas eum. Ei laudem animal consequat est, no vis ceteros maluisset neglegentur. Eum natum virtute in, ei consequat liberavisse vis. Eu mea lobortis assueverit, causae platonem eam ei, his cu omnis bonorum interesset. Ex euismod perfecto has, at deserunt sensibus recteque usu. Et simul decore quo, et mea periculis urbanitas, no eam cetero vivendum.\n', 'Author22', 'Editor22', NULL, NULL);
INSERT INTO `books` VALUES (23, 'Lorem ipsum dolor sit amet23', 'Lorem ipsum dolor sit amet, qui labores accumsan an. Omnes tamquam id ius. Nec eligendi convenire splendide te, id sea facete audiam. In vis ridens sanctus epicurei, ad pro possim eripuit adolescens, ad eos veritus molestie.\nNe aeterno urbanitas eum. Ei laudem animal consequat est, no vis ceteros maluisset neglegentur. Eum natum virtute in, ei consequat liberavisse vis. Eu mea lobortis assueverit, causae platonem eam ei, his cu omnis bonorum interesset. Ex euismod perfecto has, at deserunt sensibus recteque usu. Et simul decore quo, et mea periculis urbanitas, no eam cetero vivendum.\n', 'Author23', 'Editor23', NULL, NULL);
INSERT INTO `books` VALUES (24, 'Lorem ipsum dolor sit amet24', 'Lorem ipsum dolor sit amet, qui labores accumsan an. Omnes tamquam id ius. Nec eligendi convenire splendide te, id sea facete audiam. In vis ridens sanctus epicurei, ad pro possim eripuit adolescens, ad eos veritus molestie.\nNe aeterno urbanitas eum. Ei laudem animal consequat est, no vis ceteros maluisset neglegentur. Eum natum virtute in, ei consequat liberavisse vis. Eu mea lobortis assueverit, causae platonem eam ei, his cu omnis bonorum interesset. Ex euismod perfecto has, at deserunt sensibus recteque usu. Et simul decore quo, et mea periculis urbanitas, no eam cetero vivendum.\n', 'Author24', 'Editor24', NULL, NULL);
INSERT INTO `books` VALUES (25, 'Lorem ipsum dolor sit amet25', 'Lorem ipsum dolor sit amet, qui labores accumsan an. Omnes tamquam id ius. Nec eligendi convenire splendide te, id sea facete audiam. In vis ridens sanctus epicurei, ad pro possim eripuit adolescens, ad eos veritus molestie.\nNe aeterno urbanitas eum. Ei laudem animal consequat est, no vis ceteros maluisset neglegentur. Eum natum virtute in, ei consequat liberavisse vis. Eu mea lobortis assueverit, causae platonem eam ei, his cu omnis bonorum interesset. Ex euismod perfecto has, at deserunt sensibus recteque usu. Et simul decore quo, et mea periculis urbanitas, no eam cetero vivendum.\n', 'Author25', 'Editor25', NULL, NULL);
INSERT INTO `books` VALUES (26, 'Lorem ipsum dolor sit amet26', 'Lorem ipsum dolor sit amet, qui labores accumsan an. Omnes tamquam id ius. Nec eligendi convenire splendide te, id sea facete audiam. In vis ridens sanctus epicurei, ad pro possim eripuit adolescens, ad eos veritus molestie.\nNe aeterno urbanitas eum. Ei laudem animal consequat est, no vis ceteros maluisset neglegentur. Eum natum virtute in, ei consequat liberavisse vis. Eu mea lobortis assueverit, causae platonem eam ei, his cu omnis bonorum interesset. Ex euismod perfecto has, at deserunt sensibus recteque usu. Et simul decore quo, et mea periculis urbanitas, no eam cetero vivendum.\n', 'Author26', 'Editor26', NULL, NULL);
INSERT INTO `books` VALUES (27, 'Lorem ipsum dolor sit amet27', 'Lorem ipsum dolor sit amet, qui labores accumsan an. Omnes tamquam id ius. Nec eligendi convenire splendide te, id sea facete audiam. In vis ridens sanctus epicurei, ad pro possim eripuit adolescens, ad eos veritus molestie.\nNe aeterno urbanitas eum. Ei laudem animal consequat est, no vis ceteros maluisset neglegentur. Eum natum virtute in, ei consequat liberavisse vis. Eu mea lobortis assueverit, causae platonem eam ei, his cu omnis bonorum interesset. Ex euismod perfecto has, at deserunt sensibus recteque usu. Et simul decore quo, et mea periculis urbanitas, no eam cetero vivendum.\n', 'Author27', 'Editor27', NULL, NULL);
INSERT INTO `books` VALUES (28, 'Lorem ipsum dolor sit amet28', 'Lorem ipsum dolor sit amet, qui labores accumsan an. Omnes tamquam id ius. Nec eligendi convenire splendide te, id sea facete audiam. In vis ridens sanctus epicurei, ad pro possim eripuit adolescens, ad eos veritus molestie.\nNe aeterno urbanitas eum. Ei laudem animal consequat est, no vis ceteros maluisset neglegentur. Eum natum virtute in, ei consequat liberavisse vis. Eu mea lobortis assueverit, causae platonem eam ei, his cu omnis bonorum interesset. Ex euismod perfecto has, at deserunt sensibus recteque usu. Et simul decore quo, et mea periculis urbanitas, no eam cetero vivendum.\n', 'Author28', 'Editor28', NULL, NULL);
INSERT INTO `books` VALUES (29, 'Lorem ipsum dolor sit amet29', 'Lorem ipsum dolor sit amet, qui labores accumsan an. Omnes tamquam id ius. Nec eligendi convenire splendide te, id sea facete audiam. In vis ridens sanctus epicurei, ad pro possim eripuit adolescens, ad eos veritus molestie.\nNe aeterno urbanitas eum. Ei laudem animal consequat est, no vis ceteros maluisset neglegentur. Eum natum virtute in, ei consequat liberavisse vis. Eu mea lobortis assueverit, causae platonem eam ei, his cu omnis bonorum interesset. Ex euismod perfecto has, at deserunt sensibus recteque usu. Et simul decore quo, et mea periculis urbanitas, no eam cetero vivendum.\n', 'Author29', 'Editor29', NULL, NULL);
INSERT INTO `books` VALUES (30, 'Lorem ipsum dolor sit amet30', 'Lorem ipsum dolor sit amet, qui labores accumsan an. Omnes tamquam id ius. Nec eligendi convenire splendide te, id sea facete audiam. In vis ridens sanctus epicurei, ad pro possim eripuit adolescens, ad eos veritus molestie.\nNe aeterno urbanitas eum. Ei laudem animal consequat est, no vis ceteros maluisset neglegentur. Eum natum virtute in, ei consequat liberavisse vis. Eu mea lobortis assueverit, causae platonem eam ei, his cu omnis bonorum interesset. Ex euismod perfecto has, at deserunt sensibus recteque usu. Et simul decore quo, et mea periculis urbanitas, no eam cetero vivendum.\n', 'Author30', 'Editor30', NULL, NULL);
INSERT INTO `books` VALUES (31, 'Lorem ipsum dolor sit amet31', 'Lorem ipsum dolor sit amet, qui labores accumsan an. Omnes tamquam id ius. Nec eligendi convenire splendide te, id sea facete audiam. In vis ridens sanctus epicurei, ad pro possim eripuit adolescens, ad eos veritus molestie.\nNe aeterno urbanitas eum. Ei laudem animal consequat est, no vis ceteros maluisset neglegentur. Eum natum virtute in, ei consequat liberavisse vis. Eu mea lobortis assueverit, causae platonem eam ei, his cu omnis bonorum interesset. Ex euismod perfecto has, at deserunt sensibus recteque usu. Et simul decore quo, et mea periculis urbanitas, no eam cetero vivendum.\n', 'Author31', 'Editor31', NULL, NULL);
INSERT INTO `books` VALUES (32, 'Lorem ipsum dolor sit amet32', 'Lorem ipsum dolor sit amet, qui labores accumsan an. Omnes tamquam id ius. Nec eligendi convenire splendide te, id sea facete audiam. In vis ridens sanctus epicurei, ad pro possim eripuit adolescens, ad eos veritus molestie.\nNe aeterno urbanitas eum. Ei laudem animal consequat est, no vis ceteros maluisset neglegentur. Eum natum virtute in, ei consequat liberavisse vis. Eu mea lobortis assueverit, causae platonem eam ei, his cu omnis bonorum interesset. Ex euismod perfecto has, at deserunt sensibus recteque usu. Et simul decore quo, et mea periculis urbanitas, no eam cetero vivendum.\n', 'Author32', 'Editor32', NULL, NULL);
INSERT INTO `books` VALUES (33, 'Lorem ipsum dolor sit amet33', 'Lorem ipsum dolor sit amet, qui labores accumsan an. Omnes tamquam id ius. Nec eligendi convenire splendide te, id sea facete audiam. In vis ridens sanctus epicurei, ad pro possim eripuit adolescens, ad eos veritus molestie.\nNe aeterno urbanitas eum. Ei laudem animal consequat est, no vis ceteros maluisset neglegentur. Eum natum virtute in, ei consequat liberavisse vis. Eu mea lobortis assueverit, causae platonem eam ei, his cu omnis bonorum interesset. Ex euismod perfecto has, at deserunt sensibus recteque usu. Et simul decore quo, et mea periculis urbanitas, no eam cetero vivendum.\n', 'Author33', 'Editor33', NULL, NULL);
INSERT INTO `books` VALUES (34, 'Lorem ipsum dolor sit amet34', 'Lorem ipsum dolor sit amet, qui labores accumsan an. Omnes tamquam id ius. Nec eligendi convenire splendide te, id sea facete audiam. In vis ridens sanctus epicurei, ad pro possim eripuit adolescens, ad eos veritus molestie.\nNe aeterno urbanitas eum. Ei laudem animal consequat est, no vis ceteros maluisset neglegentur. Eum natum virtute in, ei consequat liberavisse vis. Eu mea lobortis assueverit, causae platonem eam ei, his cu omnis bonorum interesset. Ex euismod perfecto has, at deserunt sensibus recteque usu. Et simul decore quo, et mea periculis urbanitas, no eam cetero vivendum.\n', 'Author34', 'Editor34', NULL, NULL);
INSERT INTO `books` VALUES (35, 'Lorem ipsum dolor sit amet35', 'Lorem ipsum dolor sit amet, qui labores accumsan an. Omnes tamquam id ius. Nec eligendi convenire splendide te, id sea facete audiam. In vis ridens sanctus epicurei, ad pro possim eripuit adolescens, ad eos veritus molestie.\nNe aeterno urbanitas eum. Ei laudem animal consequat est, no vis ceteros maluisset neglegentur. Eum natum virtute in, ei consequat liberavisse vis. Eu mea lobortis assueverit, causae platonem eam ei, his cu omnis bonorum interesset. Ex euismod perfecto has, at deserunt sensibus recteque usu. Et simul decore quo, et mea periculis urbanitas, no eam cetero vivendum.\n', 'Author35', 'Editor35', NULL, NULL);
INSERT INTO `books` VALUES (36, 'Lorem ipsum dolor sit amet36', 'Lorem ipsum dolor sit amet, qui labores accumsan an. Omnes tamquam id ius. Nec eligendi convenire splendide te, id sea facete audiam. In vis ridens sanctus epicurei, ad pro possim eripuit adolescens, ad eos veritus molestie.\nNe aeterno urbanitas eum. Ei laudem animal consequat est, no vis ceteros maluisset neglegentur. Eum natum virtute in, ei consequat liberavisse vis. Eu mea lobortis assueverit, causae platonem eam ei, his cu omnis bonorum interesset. Ex euismod perfecto has, at deserunt sensibus recteque usu. Et simul decore quo, et mea periculis urbanitas, no eam cetero vivendum.\n', 'Author36', 'Editor36', NULL, NULL);
INSERT INTO `books` VALUES (37, 'Lorem ipsum dolor sit amet37', 'Lorem ipsum dolor sit amet, qui labores accumsan an. Omnes tamquam id ius. Nec eligendi convenire splendide te, id sea facete audiam. In vis ridens sanctus epicurei, ad pro possim eripuit adolescens, ad eos veritus molestie.\nNe aeterno urbanitas eum. Ei laudem animal consequat est, no vis ceteros maluisset neglegentur. Eum natum virtute in, ei consequat liberavisse vis. Eu mea lobortis assueverit, causae platonem eam ei, his cu omnis bonorum interesset. Ex euismod perfecto has, at deserunt sensibus recteque usu. Et simul decore quo, et mea periculis urbanitas, no eam cetero vivendum.\n', 'Author37', 'Editor37', NULL, NULL);
INSERT INTO `books` VALUES (38, 'Lorem ipsum dolor sit amet38', 'Lorem ipsum dolor sit amet, qui labores accumsan an. Omnes tamquam id ius. Nec eligendi convenire splendide te, id sea facete audiam. In vis ridens sanctus epicurei, ad pro possim eripuit adolescens, ad eos veritus molestie.\nNe aeterno urbanitas eum. Ei laudem animal consequat est, no vis ceteros maluisset neglegentur. Eum natum virtute in, ei consequat liberavisse vis. Eu mea lobortis assueverit, causae platonem eam ei, his cu omnis bonorum interesset. Ex euismod perfecto has, at deserunt sensibus recteque usu. Et simul decore quo, et mea periculis urbanitas, no eam cetero vivendum.\n', 'Author38', 'Editor38', NULL, NULL);
INSERT INTO `books` VALUES (39, 'Lorem ipsum dolor sit amet39', 'Lorem ipsum dolor sit amet, qui labores accumsan an. Omnes tamquam id ius. Nec eligendi convenire splendide te, id sea facete audiam. In vis ridens sanctus epicurei, ad pro possim eripuit adolescens, ad eos veritus molestie.\nNe aeterno urbanitas eum. Ei laudem animal consequat est, no vis ceteros maluisset neglegentur. Eum natum virtute in, ei consequat liberavisse vis. Eu mea lobortis assueverit, causae platonem eam ei, his cu omnis bonorum interesset. Ex euismod perfecto has, at deserunt sensibus recteque usu. Et simul decore quo, et mea periculis urbanitas, no eam cetero vivendum.\n', 'Author39', 'Editor39', NULL, NULL);
INSERT INTO `books` VALUES (40, 'Lorem ipsum dolor sit amet40', 'Lorem ipsum dolor sit amet, qui labores accumsan an. Omnes tamquam id ius. Nec eligendi convenire splendide te, id sea facete audiam. In vis ridens sanctus epicurei, ad pro possim eripuit adolescens, ad eos veritus molestie.\nNe aeterno urbanitas eum. Ei laudem animal consequat est, no vis ceteros maluisset neglegentur. Eum natum virtute in, ei consequat liberavisse vis. Eu mea lobortis assueverit, causae platonem eam ei, his cu omnis bonorum interesset. Ex euismod perfecto has, at deserunt sensibus recteque usu. Et simul decore quo, et mea periculis urbanitas, no eam cetero vivendum.\n', 'Author40', 'Editor40', NULL, NULL);
INSERT INTO `books` VALUES (41, 'Lorem ipsum dolor sit amet41', 'Lorem ipsum dolor sit amet, qui labores accumsan an. Omnes tamquam id ius. Nec eligendi convenire splendide te, id sea facete audiam. In vis ridens sanctus epicurei, ad pro possim eripuit adolescens, ad eos veritus molestie.\nNe aeterno urbanitas eum. Ei laudem animal consequat est, no vis ceteros maluisset neglegentur. Eum natum virtute in, ei consequat liberavisse vis. Eu mea lobortis assueverit, causae platonem eam ei, his cu omnis bonorum interesset. Ex euismod perfecto has, at deserunt sensibus recteque usu. Et simul decore quo, et mea periculis urbanitas, no eam cetero vivendum.\n', 'Author41', 'Editor41', NULL, NULL);
INSERT INTO `books` VALUES (42, 'Lorem ipsum dolor sit amet42', 'Lorem ipsum dolor sit amet, qui labores accumsan an. Omnes tamquam id ius. Nec eligendi convenire splendide te, id sea facete audiam. In vis ridens sanctus epicurei, ad pro possim eripuit adolescens, ad eos veritus molestie.\nNe aeterno urbanitas eum. Ei laudem animal consequat est, no vis ceteros maluisset neglegentur. Eum natum virtute in, ei consequat liberavisse vis. Eu mea lobortis assueverit, causae platonem eam ei, his cu omnis bonorum interesset. Ex euismod perfecto has, at deserunt sensibus recteque usu. Et simul decore quo, et mea periculis urbanitas, no eam cetero vivendum.\n', 'Author42', 'Editor42', NULL, NULL);
INSERT INTO `books` VALUES (43, 'Lorem ipsum dolor sit amet43', 'Lorem ipsum dolor sit amet, qui labores accumsan an. Omnes tamquam id ius. Nec eligendi convenire splendide te, id sea facete audiam. In vis ridens sanctus epicurei, ad pro possim eripuit adolescens, ad eos veritus molestie.\nNe aeterno urbanitas eum. Ei laudem animal consequat est, no vis ceteros maluisset neglegentur. Eum natum virtute in, ei consequat liberavisse vis. Eu mea lobortis assueverit, causae platonem eam ei, his cu omnis bonorum interesset. Ex euismod perfecto has, at deserunt sensibus recteque usu. Et simul decore quo, et mea periculis urbanitas, no eam cetero vivendum.\n', 'Author43', 'Editor43', NULL, NULL);
INSERT INTO `books` VALUES (44, 'Lorem ipsum dolor sit amet44', 'Lorem ipsum dolor sit amet, qui labores accumsan an. Omnes tamquam id ius. Nec eligendi convenire splendide te, id sea facete audiam. In vis ridens sanctus epicurei, ad pro possim eripuit adolescens, ad eos veritus molestie.\nNe aeterno urbanitas eum. Ei laudem animal consequat est, no vis ceteros maluisset neglegentur. Eum natum virtute in, ei consequat liberavisse vis. Eu mea lobortis assueverit, causae platonem eam ei, his cu omnis bonorum interesset. Ex euismod perfecto has, at deserunt sensibus recteque usu. Et simul decore quo, et mea periculis urbanitas, no eam cetero vivendum.\n', 'Author44', 'Editor44', NULL, NULL);
INSERT INTO `books` VALUES (45, 'Lorem ipsum dolor sit amet45', 'Lorem ipsum dolor sit amet, qui labores accumsan an. Omnes tamquam id ius. Nec eligendi convenire splendide te, id sea facete audiam. In vis ridens sanctus epicurei, ad pro possim eripuit adolescens, ad eos veritus molestie.\nNe aeterno urbanitas eum. Ei laudem animal consequat est, no vis ceteros maluisset neglegentur. Eum natum virtute in, ei consequat liberavisse vis. Eu mea lobortis assueverit, causae platonem eam ei, his cu omnis bonorum interesset. Ex euismod perfecto has, at deserunt sensibus recteque usu. Et simul decore quo, et mea periculis urbanitas, no eam cetero vivendum.\n', 'Author45', 'Editor45', NULL, NULL);
INSERT INTO `books` VALUES (46, 'Lorem ipsum dolor sit amet46', 'Lorem ipsum dolor sit amet, qui labores accumsan an. Omnes tamquam id ius. Nec eligendi convenire splendide te, id sea facete audiam. In vis ridens sanctus epicurei, ad pro possim eripuit adolescens, ad eos veritus molestie.\nNe aeterno urbanitas eum. Ei laudem animal consequat est, no vis ceteros maluisset neglegentur. Eum natum virtute in, ei consequat liberavisse vis. Eu mea lobortis assueverit, causae platonem eam ei, his cu omnis bonorum interesset. Ex euismod perfecto has, at deserunt sensibus recteque usu. Et simul decore quo, et mea periculis urbanitas, no eam cetero vivendum.\n', 'Author46', 'Editor46', NULL, NULL);
INSERT INTO `books` VALUES (47, 'Lorem ipsum dolor sit amet47', 'Lorem ipsum dolor sit amet, qui labores accumsan an. Omnes tamquam id ius. Nec eligendi convenire splendide te, id sea facete audiam. In vis ridens sanctus epicurei, ad pro possim eripuit adolescens, ad eos veritus molestie.\nNe aeterno urbanitas eum. Ei laudem animal consequat est, no vis ceteros maluisset neglegentur. Eum natum virtute in, ei consequat liberavisse vis. Eu mea lobortis assueverit, causae platonem eam ei, his cu omnis bonorum interesset. Ex euismod perfecto has, at deserunt sensibus recteque usu. Et simul decore quo, et mea periculis urbanitas, no eam cetero vivendum.\n', 'Author47', 'Editor47', NULL, NULL);
INSERT INTO `books` VALUES (48, 'Lorem ipsum dolor sit amet48', 'Lorem ipsum dolor sit amet, qui labores accumsan an. Omnes tamquam id ius. Nec eligendi convenire splendide te, id sea facete audiam. In vis ridens sanctus epicurei, ad pro possim eripuit adolescens, ad eos veritus molestie.\nNe aeterno urbanitas eum. Ei laudem animal consequat est, no vis ceteros maluisset neglegentur. Eum natum virtute in, ei consequat liberavisse vis. Eu mea lobortis assueverit, causae platonem eam ei, his cu omnis bonorum interesset. Ex euismod perfecto has, at deserunt sensibus recteque usu. Et simul decore quo, et mea periculis urbanitas, no eam cetero vivendum.\n', 'Author48', 'Editor48', NULL, NULL);
INSERT INTO `books` VALUES (49, 'Lorem ipsum dolor sit amet49', 'Lorem ipsum dolor sit amet, qui labores accumsan an. Omnes tamquam id ius. Nec eligendi convenire splendide te, id sea facete audiam. In vis ridens sanctus epicurei, ad pro possim eripuit adolescens, ad eos veritus molestie.\nNe aeterno urbanitas eum. Ei laudem animal consequat est, no vis ceteros maluisset neglegentur. Eum natum virtute in, ei consequat liberavisse vis. Eu mea lobortis assueverit, causae platonem eam ei, his cu omnis bonorum interesset. Ex euismod perfecto has, at deserunt sensibus recteque usu. Et simul decore quo, et mea periculis urbanitas, no eam cetero vivendum.\n', 'Author49', 'Editor49', NULL, NULL);
INSERT INTO `books` VALUES (50, 'Lorem ipsum dolor sit amet50', 'Lorem ipsum dolor sit amet, qui labores accumsan an. Omnes tamquam id ius. Nec eligendi convenire splendide te, id sea facete audiam. In vis ridens sanctus epicurei, ad pro possim eripuit adolescens, ad eos veritus molestie.\nNe aeterno urbanitas eum. Ei laudem animal consequat est, no vis ceteros maluisset neglegentur. Eum natum virtute in, ei consequat liberavisse vis. Eu mea lobortis assueverit, causae platonem eam ei, his cu omnis bonorum interesset. Ex euismod perfecto has, at deserunt sensibus recteque usu. Et simul decore quo, et mea periculis urbanitas, no eam cetero vivendum.\n', 'Author50', 'Editor50', NULL, NULL);
INSERT INTO `books` VALUES (51, 'Lorem ipsum dolor sit amet51', 'Lorem ipsum dolor sit amet, qui labores accumsan an. Omnes tamquam id ius. Nec eligendi convenire splendide te, id sea facete audiam. In vis ridens sanctus epicurei, ad pro possim eripuit adolescens, ad eos veritus molestie.\nNe aeterno urbanitas eum. Ei laudem animal consequat est, no vis ceteros maluisset neglegentur. Eum natum virtute in, ei consequat liberavisse vis. Eu mea lobortis assueverit, causae platonem eam ei, his cu omnis bonorum interesset. Ex euismod perfecto has, at deserunt sensibus recteque usu. Et simul decore quo, et mea periculis urbanitas, no eam cetero vivendum.\n', 'Author51', 'Editor51', NULL, NULL);
INSERT INTO `books` VALUES (52, 'Lorem ipsum dolor sit amet52', 'Lorem ipsum dolor sit amet, qui labores accumsan an. Omnes tamquam id ius. Nec eligendi convenire splendide te, id sea facete audiam. In vis ridens sanctus epicurei, ad pro possim eripuit adolescens, ad eos veritus molestie.\nNe aeterno urbanitas eum. Ei laudem animal consequat est, no vis ceteros maluisset neglegentur. Eum natum virtute in, ei consequat liberavisse vis. Eu mea lobortis assueverit, causae platonem eam ei, his cu omnis bonorum interesset. Ex euismod perfecto has, at deserunt sensibus recteque usu. Et simul decore quo, et mea periculis urbanitas, no eam cetero vivendum.\n', 'Author52', 'Editor52', NULL, NULL);
INSERT INTO `books` VALUES (53, 'Lorem ipsum dolor sit amet53', 'Lorem ipsum dolor sit amet, qui labores accumsan an. Omnes tamquam id ius. Nec eligendi convenire splendide te, id sea facete audiam. In vis ridens sanctus epicurei, ad pro possim eripuit adolescens, ad eos veritus molestie.\nNe aeterno urbanitas eum. Ei laudem animal consequat est, no vis ceteros maluisset neglegentur. Eum natum virtute in, ei consequat liberavisse vis. Eu mea lobortis assueverit, causae platonem eam ei, his cu omnis bonorum interesset. Ex euismod perfecto has, at deserunt sensibus recteque usu. Et simul decore quo, et mea periculis urbanitas, no eam cetero vivendum.\n', 'Author53', 'Editor53', NULL, NULL);
INSERT INTO `books` VALUES (54, 'Lorem ipsum dolor sit amet54', 'Lorem ipsum dolor sit amet, qui labores accumsan an. Omnes tamquam id ius. Nec eligendi convenire splendide te, id sea facete audiam. In vis ridens sanctus epicurei, ad pro possim eripuit adolescens, ad eos veritus molestie.\nNe aeterno urbanitas eum. Ei laudem animal consequat est, no vis ceteros maluisset neglegentur. Eum natum virtute in, ei consequat liberavisse vis. Eu mea lobortis assueverit, causae platonem eam ei, his cu omnis bonorum interesset. Ex euismod perfecto has, at deserunt sensibus recteque usu. Et simul decore quo, et mea periculis urbanitas, no eam cetero vivendum.\n', 'Author54', 'Editor54', NULL, NULL);
INSERT INTO `books` VALUES (55, 'Lorem ipsum dolor sit amet55', 'Lorem ipsum dolor sit amet, qui labores accumsan an. Omnes tamquam id ius. Nec eligendi convenire splendide te, id sea facete audiam. In vis ridens sanctus epicurei, ad pro possim eripuit adolescens, ad eos veritus molestie.\nNe aeterno urbanitas eum. Ei laudem animal consequat est, no vis ceteros maluisset neglegentur. Eum natum virtute in, ei consequat liberavisse vis. Eu mea lobortis assueverit, causae platonem eam ei, his cu omnis bonorum interesset. Ex euismod perfecto has, at deserunt sensibus recteque usu. Et simul decore quo, et mea periculis urbanitas, no eam cetero vivendum.\n', 'Author55', 'Editor55', NULL, NULL);
INSERT INTO `books` VALUES (56, 'Lorem ipsum dolor sit amet56', 'Lorem ipsum dolor sit amet, qui labores accumsan an. Omnes tamquam id ius. Nec eligendi convenire splendide te, id sea facete audiam. In vis ridens sanctus epicurei, ad pro possim eripuit adolescens, ad eos veritus molestie.\nNe aeterno urbanitas eum. Ei laudem animal consequat est, no vis ceteros maluisset neglegentur. Eum natum virtute in, ei consequat liberavisse vis. Eu mea lobortis assueverit, causae platonem eam ei, his cu omnis bonorum interesset. Ex euismod perfecto has, at deserunt sensibus recteque usu. Et simul decore quo, et mea periculis urbanitas, no eam cetero vivendum.\n', 'Author56', 'Editor56', NULL, NULL);
INSERT INTO `books` VALUES (57, 'Lorem ipsum dolor sit amet57', 'Lorem ipsum dolor sit amet, qui labores accumsan an. Omnes tamquam id ius. Nec eligendi convenire splendide te, id sea facete audiam. In vis ridens sanctus epicurei, ad pro possim eripuit adolescens, ad eos veritus molestie.\nNe aeterno urbanitas eum. Ei laudem animal consequat est, no vis ceteros maluisset neglegentur. Eum natum virtute in, ei consequat liberavisse vis. Eu mea lobortis assueverit, causae platonem eam ei, his cu omnis bonorum interesset. Ex euismod perfecto has, at deserunt sensibus recteque usu. Et simul decore quo, et mea periculis urbanitas, no eam cetero vivendum.\n', 'Author57', 'Editor57', NULL, NULL);
INSERT INTO `books` VALUES (58, 'Lorem ipsum dolor sit amet58', 'Lorem ipsum dolor sit amet, qui labores accumsan an. Omnes tamquam id ius. Nec eligendi convenire splendide te, id sea facete audiam. In vis ridens sanctus epicurei, ad pro possim eripuit adolescens, ad eos veritus molestie.\nNe aeterno urbanitas eum. Ei laudem animal consequat est, no vis ceteros maluisset neglegentur. Eum natum virtute in, ei consequat liberavisse vis. Eu mea lobortis assueverit, causae platonem eam ei, his cu omnis bonorum interesset. Ex euismod perfecto has, at deserunt sensibus recteque usu. Et simul decore quo, et mea periculis urbanitas, no eam cetero vivendum.\n', 'Author58', 'Editor58', NULL, NULL);
INSERT INTO `books` VALUES (59, 'Lorem ipsum dolor sit amet59', 'Lorem ipsum dolor sit amet, qui labores accumsan an. Omnes tamquam id ius. Nec eligendi convenire splendide te, id sea facete audiam. In vis ridens sanctus epicurei, ad pro possim eripuit adolescens, ad eos veritus molestie.\nNe aeterno urbanitas eum. Ei laudem animal consequat est, no vis ceteros maluisset neglegentur. Eum natum virtute in, ei consequat liberavisse vis. Eu mea lobortis assueverit, causae platonem eam ei, his cu omnis bonorum interesset. Ex euismod perfecto has, at deserunt sensibus recteque usu. Et simul decore quo, et mea periculis urbanitas, no eam cetero vivendum.\n', 'Author59', 'Editor59', NULL, NULL);
INSERT INTO `books` VALUES (60, 'Lorem ipsum dolor sit amet60', 'Lorem ipsum dolor sit amet, qui labores accumsan an. Omnes tamquam id ius. Nec eligendi convenire splendide te, id sea facete audiam. In vis ridens sanctus epicurei, ad pro possim eripuit adolescens, ad eos veritus molestie.\nNe aeterno urbanitas eum. Ei laudem animal consequat est, no vis ceteros maluisset neglegentur. Eum natum virtute in, ei consequat liberavisse vis. Eu mea lobortis assueverit, causae platonem eam ei, his cu omnis bonorum interesset. Ex euismod perfecto has, at deserunt sensibus recteque usu. Et simul decore quo, et mea periculis urbanitas, no eam cetero vivendum.\n', 'Author60', 'Editor60', NULL, NULL);
INSERT INTO `books` VALUES (61, 'Lorem ipsum dolor sit amet61', 'Lorem ipsum dolor sit amet, qui labores accumsan an. Omnes tamquam id ius. Nec eligendi convenire splendide te, id sea facete audiam. In vis ridens sanctus epicurei, ad pro possim eripuit adolescens, ad eos veritus molestie.\nNe aeterno urbanitas eum. Ei laudem animal consequat est, no vis ceteros maluisset neglegentur. Eum natum virtute in, ei consequat liberavisse vis. Eu mea lobortis assueverit, causae platonem eam ei, his cu omnis bonorum interesset. Ex euismod perfecto has, at deserunt sensibus recteque usu. Et simul decore quo, et mea periculis urbanitas, no eam cetero vivendum.\n', 'Author61', 'Editor61', NULL, NULL);
INSERT INTO `books` VALUES (62, 'Lorem ipsum dolor sit amet62', 'Lorem ipsum dolor sit amet, qui labores accumsan an. Omnes tamquam id ius. Nec eligendi convenire splendide te, id sea facete audiam. In vis ridens sanctus epicurei, ad pro possim eripuit adolescens, ad eos veritus molestie.\nNe aeterno urbanitas eum. Ei laudem animal consequat est, no vis ceteros maluisset neglegentur. Eum natum virtute in, ei consequat liberavisse vis. Eu mea lobortis assueverit, causae platonem eam ei, his cu omnis bonorum interesset. Ex euismod perfecto has, at deserunt sensibus recteque usu. Et simul decore quo, et mea periculis urbanitas, no eam cetero vivendum.\n', 'Author62', 'Editor62', NULL, NULL);
INSERT INTO `books` VALUES (63, 'Lorem ipsum dolor sit amet63', 'Lorem ipsum dolor sit amet, qui labores accumsan an. Omnes tamquam id ius. Nec eligendi convenire splendide te, id sea facete audiam. In vis ridens sanctus epicurei, ad pro possim eripuit adolescens, ad eos veritus molestie.\nNe aeterno urbanitas eum. Ei laudem animal consequat est, no vis ceteros maluisset neglegentur. Eum natum virtute in, ei consequat liberavisse vis. Eu mea lobortis assueverit, causae platonem eam ei, his cu omnis bonorum interesset. Ex euismod perfecto has, at deserunt sensibus recteque usu. Et simul decore quo, et mea periculis urbanitas, no eam cetero vivendum.\n', 'Author63', 'Editor63', NULL, NULL);
INSERT INTO `books` VALUES (64, 'Lorem ipsum dolor sit amet1', 'Lorem ipsum dolor sit amet, qui labores accumsan an. Omnes tamquam id ius. Nec eligendi convenire splendide te, id sea facete audiam. In vis ridens sanctus epicurei, ad pro possim eripuit adolescens, ad eos veritus molestie.\nNe aeterno urbanitas eum. Ei laudem animal consequat est, no vis ceteros maluisset neglegentur. Eum natum virtute in, ei consequat liberavisse vis. Eu mea lobortis assueverit, causae platonem eam ei, his cu omnis bonorum interesset. Ex euismod perfecto has, at deserunt sensibus recteque usu. Et simul decore quo, et mea periculis urbanitas, no eam cetero vivendum.\n', 'Author1', 'Editor1', NULL, NULL);
INSERT INTO `books` VALUES (65, 'Lorem ipsum dolor sit amet2', 'Lorem ipsum dolor sit amet, qui labores accumsan an. Omnes tamquam id ius. Nec eligendi convenire splendide te, id sea facete audiam. In vis ridens sanctus epicurei, ad pro possim eripuit adolescens, ad eos veritus molestie.\nNe aeterno urbanitas eum. Ei laudem animal consequat est, no vis ceteros maluisset neglegentur. Eum natum virtute in, ei consequat liberavisse vis. Eu mea lobortis assueverit, causae platonem eam ei, his cu omnis bonorum interesset. Ex euismod perfecto has, at deserunt sensibus recteque usu. Et simul decore quo, et mea periculis urbanitas, no eam cetero vivendum.\n', 'Author2', 'Editor2', NULL, NULL);
INSERT INTO `books` VALUES (66, 'Lorem ipsum dolor sit amet3', 'Lorem ipsum dolor sit amet, qui labores accumsan an. Omnes tamquam id ius. Nec eligendi convenire splendide te, id sea facete audiam. In vis ridens sanctus epicurei, ad pro possim eripuit adolescens, ad eos veritus molestie.\nNe aeterno urbanitas eum. Ei laudem animal consequat est, no vis ceteros maluisset neglegentur. Eum natum virtute in, ei consequat liberavisse vis. Eu mea lobortis assueverit, causae platonem eam ei, his cu omnis bonorum interesset. Ex euismod perfecto has, at deserunt sensibus recteque usu. Et simul decore quo, et mea periculis urbanitas, no eam cetero vivendum.\n', 'Author3', 'Editor3', NULL, NULL);
INSERT INTO `books` VALUES (67, 'Lorem ipsum dolor sit amet4', 'Lorem ipsum dolor sit amet, qui labores accumsan an. Omnes tamquam id ius. Nec eligendi convenire splendide te, id sea facete audiam. In vis ridens sanctus epicurei, ad pro possim eripuit adolescens, ad eos veritus molestie.\nNe aeterno urbanitas eum. Ei laudem animal consequat est, no vis ceteros maluisset neglegentur. Eum natum virtute in, ei consequat liberavisse vis. Eu mea lobortis assueverit, causae platonem eam ei, his cu omnis bonorum interesset. Ex euismod perfecto has, at deserunt sensibus recteque usu. Et simul decore quo, et mea periculis urbanitas, no eam cetero vivendum.\n', 'Author4', 'Editor4', NULL, NULL);
INSERT INTO `books` VALUES (68, 'Lorem ipsum dolor sit amet5', 'Lorem ipsum dolor sit amet, qui labores accumsan an. Omnes tamquam id ius. Nec eligendi convenire splendide te, id sea facete audiam. In vis ridens sanctus epicurei, ad pro possim eripuit adolescens, ad eos veritus molestie.\nNe aeterno urbanitas eum. Ei laudem animal consequat est, no vis ceteros maluisset neglegentur. Eum natum virtute in, ei consequat liberavisse vis. Eu mea lobortis assueverit, causae platonem eam ei, his cu omnis bonorum interesset. Ex euismod perfecto has, at deserunt sensibus recteque usu. Et simul decore quo, et mea periculis urbanitas, no eam cetero vivendum.\n', 'Author5', 'Editor5', NULL, NULL);
INSERT INTO `books` VALUES (69, 'Lorem ipsum dolor sit amet6', 'Lorem ipsum dolor sit amet, qui labores accumsan an. Omnes tamquam id ius. Nec eligendi convenire splendide te, id sea facete audiam. In vis ridens sanctus epicurei, ad pro possim eripuit adolescens, ad eos veritus molestie.\nNe aeterno urbanitas eum. Ei laudem animal consequat est, no vis ceteros maluisset neglegentur. Eum natum virtute in, ei consequat liberavisse vis. Eu mea lobortis assueverit, causae platonem eam ei, his cu omnis bonorum interesset. Ex euismod perfecto has, at deserunt sensibus recteque usu. Et simul decore quo, et mea periculis urbanitas, no eam cetero vivendum.\n', 'Author6', 'Editor6', NULL, NULL);
INSERT INTO `books` VALUES (70, 'Lorem ipsum dolor sit amet7', 'Lorem ipsum dolor sit amet, qui labores accumsan an. Omnes tamquam id ius. Nec eligendi convenire splendide te, id sea facete audiam. In vis ridens sanctus epicurei, ad pro possim eripuit adolescens, ad eos veritus molestie.\nNe aeterno urbanitas eum. Ei laudem animal consequat est, no vis ceteros maluisset neglegentur. Eum natum virtute in, ei consequat liberavisse vis. Eu mea lobortis assueverit, causae platonem eam ei, his cu omnis bonorum interesset. Ex euismod perfecto has, at deserunt sensibus recteque usu. Et simul decore quo, et mea periculis urbanitas, no eam cetero vivendum.\n', 'Author7', 'Editor7', NULL, NULL);
INSERT INTO `books` VALUES (71, 'Lorem ipsum dolor sit amet8', 'Lorem ipsum dolor sit amet, qui labores accumsan an. Omnes tamquam id ius. Nec eligendi convenire splendide te, id sea facete audiam. In vis ridens sanctus epicurei, ad pro possim eripuit adolescens, ad eos veritus molestie.\nNe aeterno urbanitas eum. Ei laudem animal consequat est, no vis ceteros maluisset neglegentur. Eum natum virtute in, ei consequat liberavisse vis. Eu mea lobortis assueverit, causae platonem eam ei, his cu omnis bonorum interesset. Ex euismod perfecto has, at deserunt sensibus recteque usu. Et simul decore quo, et mea periculis urbanitas, no eam cetero vivendum.\n', 'Author8', 'Editor8', NULL, NULL);
INSERT INTO `books` VALUES (72, 'Lorem ipsum dolor sit amet9', 'Lorem ipsum dolor sit amet, qui labores accumsan an. Omnes tamquam id ius. Nec eligendi convenire splendide te, id sea facete audiam. In vis ridens sanctus epicurei, ad pro possim eripuit adolescens, ad eos veritus molestie.\nNe aeterno urbanitas eum. Ei laudem animal consequat est, no vis ceteros maluisset neglegentur. Eum natum virtute in, ei consequat liberavisse vis. Eu mea lobortis assueverit, causae platonem eam ei, his cu omnis bonorum interesset. Ex euismod perfecto has, at deserunt sensibus recteque usu. Et simul decore quo, et mea periculis urbanitas, no eam cetero vivendum.\n', 'Author9', 'Editor9', NULL, NULL);
INSERT INTO `books` VALUES (73, 'Lorem ipsum dolor sit amet10', 'Lorem ipsum dolor sit amet, qui labores accumsan an. Omnes tamquam id ius. Nec eligendi convenire splendide te, id sea facete audiam. In vis ridens sanctus epicurei, ad pro possim eripuit adolescens, ad eos veritus molestie.\nNe aeterno urbanitas eum. Ei laudem animal consequat est, no vis ceteros maluisset neglegentur. Eum natum virtute in, ei consequat liberavisse vis. Eu mea lobortis assueverit, causae platonem eam ei, his cu omnis bonorum interesset. Ex euismod perfecto has, at deserunt sensibus recteque usu. Et simul decore quo, et mea periculis urbanitas, no eam cetero vivendum.\n', 'Author10', 'Editor10', NULL, NULL);
INSERT INTO `books` VALUES (74, 'Lorem ipsum dolor sit amet11', 'Lorem ipsum dolor sit amet, qui labores accumsan an. Omnes tamquam id ius. Nec eligendi convenire splendide te, id sea facete audiam. In vis ridens sanctus epicurei, ad pro possim eripuit adolescens, ad eos veritus molestie.\nNe aeterno urbanitas eum. Ei laudem animal consequat est, no vis ceteros maluisset neglegentur. Eum natum virtute in, ei consequat liberavisse vis. Eu mea lobortis assueverit, causae platonem eam ei, his cu omnis bonorum interesset. Ex euismod perfecto has, at deserunt sensibus recteque usu. Et simul decore quo, et mea periculis urbanitas, no eam cetero vivendum.\n', 'Author11', 'Editor11', NULL, NULL);
INSERT INTO `books` VALUES (75, 'Lorem ipsum dolor sit amet12', 'Lorem ipsum dolor sit amet, qui labores accumsan an. Omnes tamquam id ius. Nec eligendi convenire splendide te, id sea facete audiam. In vis ridens sanctus epicurei, ad pro possim eripuit adolescens, ad eos veritus molestie.\nNe aeterno urbanitas eum. Ei laudem animal consequat est, no vis ceteros maluisset neglegentur. Eum natum virtute in, ei consequat liberavisse vis. Eu mea lobortis assueverit, causae platonem eam ei, his cu omnis bonorum interesset. Ex euismod perfecto has, at deserunt sensibus recteque usu. Et simul decore quo, et mea periculis urbanitas, no eam cetero vivendum.\n', 'Author12', 'Editor12', NULL, NULL);
INSERT INTO `books` VALUES (76, 'Lorem ipsum dolor sit amet13', 'Lorem ipsum dolor sit amet, qui labores accumsan an. Omnes tamquam id ius. Nec eligendi convenire splendide te, id sea facete audiam. In vis ridens sanctus epicurei, ad pro possim eripuit adolescens, ad eos veritus molestie.\nNe aeterno urbanitas eum. Ei laudem animal consequat est, no vis ceteros maluisset neglegentur. Eum natum virtute in, ei consequat liberavisse vis. Eu mea lobortis assueverit, causae platonem eam ei, his cu omnis bonorum interesset. Ex euismod perfecto has, at deserunt sensibus recteque usu. Et simul decore quo, et mea periculis urbanitas, no eam cetero vivendum.\n', 'Author13', 'Editor13', NULL, NULL);
INSERT INTO `books` VALUES (77, 'Lorem ipsum dolor sit amet14', 'Lorem ipsum dolor sit amet, qui labores accumsan an. Omnes tamquam id ius. Nec eligendi convenire splendide te, id sea facete audiam. In vis ridens sanctus epicurei, ad pro possim eripuit adolescens, ad eos veritus molestie.\nNe aeterno urbanitas eum. Ei laudem animal consequat est, no vis ceteros maluisset neglegentur. Eum natum virtute in, ei consequat liberavisse vis. Eu mea lobortis assueverit, causae platonem eam ei, his cu omnis bonorum interesset. Ex euismod perfecto has, at deserunt sensibus recteque usu. Et simul decore quo, et mea periculis urbanitas, no eam cetero vivendum.\n', 'Author14', 'Editor14', NULL, NULL);
INSERT INTO `books` VALUES (78, 'Lorem ipsum dolor sit amet15', 'Lorem ipsum dolor sit amet, qui labores accumsan an. Omnes tamquam id ius. Nec eligendi convenire splendide te, id sea facete audiam. In vis ridens sanctus epicurei, ad pro possim eripuit adolescens, ad eos veritus molestie.\nNe aeterno urbanitas eum. Ei laudem animal consequat est, no vis ceteros maluisset neglegentur. Eum natum virtute in, ei consequat liberavisse vis. Eu mea lobortis assueverit, causae platonem eam ei, his cu omnis bonorum interesset. Ex euismod perfecto has, at deserunt sensibus recteque usu. Et simul decore quo, et mea periculis urbanitas, no eam cetero vivendum.\n', 'Author15', 'Editor15', NULL, NULL);
INSERT INTO `books` VALUES (79, 'Lorem ipsum dolor sit amet16', 'Lorem ipsum dolor sit amet, qui labores accumsan an. Omnes tamquam id ius. Nec eligendi convenire splendide te, id sea facete audiam. In vis ridens sanctus epicurei, ad pro possim eripuit adolescens, ad eos veritus molestie.\nNe aeterno urbanitas eum. Ei laudem animal consequat est, no vis ceteros maluisset neglegentur. Eum natum virtute in, ei consequat liberavisse vis. Eu mea lobortis assueverit, causae platonem eam ei, his cu omnis bonorum interesset. Ex euismod perfecto has, at deserunt sensibus recteque usu. Et simul decore quo, et mea periculis urbanitas, no eam cetero vivendum.\n', 'Author16', 'Editor16', NULL, NULL);
INSERT INTO `books` VALUES (80, 'Lorem ipsum dolor sit amet17', 'Lorem ipsum dolor sit amet, qui labores accumsan an. Omnes tamquam id ius. Nec eligendi convenire splendide te, id sea facete audiam. In vis ridens sanctus epicurei, ad pro possim eripuit adolescens, ad eos veritus molestie.\nNe aeterno urbanitas eum. Ei laudem animal consequat est, no vis ceteros maluisset neglegentur. Eum natum virtute in, ei consequat liberavisse vis. Eu mea lobortis assueverit, causae platonem eam ei, his cu omnis bonorum interesset. Ex euismod perfecto has, at deserunt sensibus recteque usu. Et simul decore quo, et mea periculis urbanitas, no eam cetero vivendum.\n', 'Author17', 'Editor17', NULL, NULL);
INSERT INTO `books` VALUES (81, 'Lorem ipsum dolor sit amet18', 'Lorem ipsum dolor sit amet, qui labores accumsan an. Omnes tamquam id ius. Nec eligendi convenire splendide te, id sea facete audiam. In vis ridens sanctus epicurei, ad pro possim eripuit adolescens, ad eos veritus molestie.\nNe aeterno urbanitas eum. Ei laudem animal consequat est, no vis ceteros maluisset neglegentur. Eum natum virtute in, ei consequat liberavisse vis. Eu mea lobortis assueverit, causae platonem eam ei, his cu omnis bonorum interesset. Ex euismod perfecto has, at deserunt sensibus recteque usu. Et simul decore quo, et mea periculis urbanitas, no eam cetero vivendum.\n', 'Author18', 'Editor18', NULL, NULL);
INSERT INTO `books` VALUES (82, 'Lorem ipsum dolor sit amet19', 'Lorem ipsum dolor sit amet, qui labores accumsan an. Omnes tamquam id ius. Nec eligendi convenire splendide te, id sea facete audiam. In vis ridens sanctus epicurei, ad pro possim eripuit adolescens, ad eos veritus molestie.\nNe aeterno urbanitas eum. Ei laudem animal consequat est, no vis ceteros maluisset neglegentur. Eum natum virtute in, ei consequat liberavisse vis. Eu mea lobortis assueverit, causae platonem eam ei, his cu omnis bonorum interesset. Ex euismod perfecto has, at deserunt sensibus recteque usu. Et simul decore quo, et mea periculis urbanitas, no eam cetero vivendum.\n', 'Author19', 'Editor19', NULL, NULL);
INSERT INTO `books` VALUES (83, 'Lorem ipsum dolor sit amet20', 'Lorem ipsum dolor sit amet, qui labores accumsan an. Omnes tamquam id ius. Nec eligendi convenire splendide te, id sea facete audiam. In vis ridens sanctus epicurei, ad pro possim eripuit adolescens, ad eos veritus molestie.\nNe aeterno urbanitas eum. Ei laudem animal consequat est, no vis ceteros maluisset neglegentur. Eum natum virtute in, ei consequat liberavisse vis. Eu mea lobortis assueverit, causae platonem eam ei, his cu omnis bonorum interesset. Ex euismod perfecto has, at deserunt sensibus recteque usu. Et simul decore quo, et mea periculis urbanitas, no eam cetero vivendum.\n', 'Author20', 'Editor20', NULL, NULL);
INSERT INTO `books` VALUES (84, 'Lorem ipsum dolor sit amet21', 'Lorem ipsum dolor sit amet, qui labores accumsan an. Omnes tamquam id ius. Nec eligendi convenire splendide te, id sea facete audiam. In vis ridens sanctus epicurei, ad pro possim eripuit adolescens, ad eos veritus molestie.\nNe aeterno urbanitas eum. Ei laudem animal consequat est, no vis ceteros maluisset neglegentur. Eum natum virtute in, ei consequat liberavisse vis. Eu mea lobortis assueverit, causae platonem eam ei, his cu omnis bonorum interesset. Ex euismod perfecto has, at deserunt sensibus recteque usu. Et simul decore quo, et mea periculis urbanitas, no eam cetero vivendum.\n', 'Author21', 'Editor21', NULL, NULL);
INSERT INTO `books` VALUES (85, 'Lorem ipsum dolor sit amet22', 'Lorem ipsum dolor sit amet, qui labores accumsan an. Omnes tamquam id ius. Nec eligendi convenire splendide te, id sea facete audiam. In vis ridens sanctus epicurei, ad pro possim eripuit adolescens, ad eos veritus molestie.\nNe aeterno urbanitas eum. Ei laudem animal consequat est, no vis ceteros maluisset neglegentur. Eum natum virtute in, ei consequat liberavisse vis. Eu mea lobortis assueverit, causae platonem eam ei, his cu omnis bonorum interesset. Ex euismod perfecto has, at deserunt sensibus recteque usu. Et simul decore quo, et mea periculis urbanitas, no eam cetero vivendum.\n', 'Author22', 'Editor22', NULL, NULL);
INSERT INTO `books` VALUES (86, 'Lorem ipsum dolor sit amet23', 'Lorem ipsum dolor sit amet, qui labores accumsan an. Omnes tamquam id ius. Nec eligendi convenire splendide te, id sea facete audiam. In vis ridens sanctus epicurei, ad pro possim eripuit adolescens, ad eos veritus molestie.\nNe aeterno urbanitas eum. Ei laudem animal consequat est, no vis ceteros maluisset neglegentur. Eum natum virtute in, ei consequat liberavisse vis. Eu mea lobortis assueverit, causae platonem eam ei, his cu omnis bonorum interesset. Ex euismod perfecto has, at deserunt sensibus recteque usu. Et simul decore quo, et mea periculis urbanitas, no eam cetero vivendum.\n', 'Author23', 'Editor23', NULL, NULL);
INSERT INTO `books` VALUES (87, 'Lorem ipsum dolor sit amet24', 'Lorem ipsum dolor sit amet, qui labores accumsan an. Omnes tamquam id ius. Nec eligendi convenire splendide te, id sea facete audiam. In vis ridens sanctus epicurei, ad pro possim eripuit adolescens, ad eos veritus molestie.\nNe aeterno urbanitas eum. Ei laudem animal consequat est, no vis ceteros maluisset neglegentur. Eum natum virtute in, ei consequat liberavisse vis. Eu mea lobortis assueverit, causae platonem eam ei, his cu omnis bonorum interesset. Ex euismod perfecto has, at deserunt sensibus recteque usu. Et simul decore quo, et mea periculis urbanitas, no eam cetero vivendum.\n', 'Author24', 'Editor24', NULL, NULL);
INSERT INTO `books` VALUES (88, 'Lorem ipsum dolor sit amet25', 'Lorem ipsum dolor sit amet, qui labores accumsan an. Omnes tamquam id ius. Nec eligendi convenire splendide te, id sea facete audiam. In vis ridens sanctus epicurei, ad pro possim eripuit adolescens, ad eos veritus molestie.\nNe aeterno urbanitas eum. Ei laudem animal consequat est, no vis ceteros maluisset neglegentur. Eum natum virtute in, ei consequat liberavisse vis. Eu mea lobortis assueverit, causae platonem eam ei, his cu omnis bonorum interesset. Ex euismod perfecto has, at deserunt sensibus recteque usu. Et simul decore quo, et mea periculis urbanitas, no eam cetero vivendum.\n', 'Author25', 'Editor25', NULL, NULL);
INSERT INTO `books` VALUES (89, 'Lorem ipsum dolor sit amet26', 'Lorem ipsum dolor sit amet, qui labores accumsan an. Omnes tamquam id ius. Nec eligendi convenire splendide te, id sea facete audiam. In vis ridens sanctus epicurei, ad pro possim eripuit adolescens, ad eos veritus molestie.\nNe aeterno urbanitas eum. Ei laudem animal consequat est, no vis ceteros maluisset neglegentur. Eum natum virtute in, ei consequat liberavisse vis. Eu mea lobortis assueverit, causae platonem eam ei, his cu omnis bonorum interesset. Ex euismod perfecto has, at deserunt sensibus recteque usu. Et simul decore quo, et mea periculis urbanitas, no eam cetero vivendum.\n', 'Author26', 'Editor26', NULL, NULL);
INSERT INTO `books` VALUES (90, 'Lorem ipsum dolor sit amet27', 'Lorem ipsum dolor sit amet, qui labores accumsan an. Omnes tamquam id ius. Nec eligendi convenire splendide te, id sea facete audiam. In vis ridens sanctus epicurei, ad pro possim eripuit adolescens, ad eos veritus molestie.\nNe aeterno urbanitas eum. Ei laudem animal consequat est, no vis ceteros maluisset neglegentur. Eum natum virtute in, ei consequat liberavisse vis. Eu mea lobortis assueverit, causae platonem eam ei, his cu omnis bonorum interesset. Ex euismod perfecto has, at deserunt sensibus recteque usu. Et simul decore quo, et mea periculis urbanitas, no eam cetero vivendum.\n', 'Author27', 'Editor27', NULL, NULL);
INSERT INTO `books` VALUES (91, 'Lorem ipsum dolor sit amet28', 'Lorem ipsum dolor sit amet, qui labores accumsan an. Omnes tamquam id ius. Nec eligendi convenire splendide te, id sea facete audiam. In vis ridens sanctus epicurei, ad pro possim eripuit adolescens, ad eos veritus molestie.\nNe aeterno urbanitas eum. Ei laudem animal consequat est, no vis ceteros maluisset neglegentur. Eum natum virtute in, ei consequat liberavisse vis. Eu mea lobortis assueverit, causae platonem eam ei, his cu omnis bonorum interesset. Ex euismod perfecto has, at deserunt sensibus recteque usu. Et simul decore quo, et mea periculis urbanitas, no eam cetero vivendum.\n', 'Author28', 'Editor28', NULL, NULL);
INSERT INTO `books` VALUES (92, 'Lorem ipsum dolor sit amet29', 'Lorem ipsum dolor sit amet, qui labores accumsan an. Omnes tamquam id ius. Nec eligendi convenire splendide te, id sea facete audiam. In vis ridens sanctus epicurei, ad pro possim eripuit adolescens, ad eos veritus molestie.\nNe aeterno urbanitas eum. Ei laudem animal consequat est, no vis ceteros maluisset neglegentur. Eum natum virtute in, ei consequat liberavisse vis. Eu mea lobortis assueverit, causae platonem eam ei, his cu omnis bonorum interesset. Ex euismod perfecto has, at deserunt sensibus recteque usu. Et simul decore quo, et mea periculis urbanitas, no eam cetero vivendum.\n', 'Author29', 'Editor29', NULL, NULL);
INSERT INTO `books` VALUES (93, 'Lorem ipsum dolor sit amet30', 'Lorem ipsum dolor sit amet, qui labores accumsan an. Omnes tamquam id ius. Nec eligendi convenire splendide te, id sea facete audiam. In vis ridens sanctus epicurei, ad pro possim eripuit adolescens, ad eos veritus molestie.\nNe aeterno urbanitas eum. Ei laudem animal consequat est, no vis ceteros maluisset neglegentur. Eum natum virtute in, ei consequat liberavisse vis. Eu mea lobortis assueverit, causae platonem eam ei, his cu omnis bonorum interesset. Ex euismod perfecto has, at deserunt sensibus recteque usu. Et simul decore quo, et mea periculis urbanitas, no eam cetero vivendum.\n', 'Author30', 'Editor30', NULL, NULL);
INSERT INTO `books` VALUES (94, 'Lorem ipsum dolor sit amet31', 'Lorem ipsum dolor sit amet, qui labores accumsan an. Omnes tamquam id ius. Nec eligendi convenire splendide te, id sea facete audiam. In vis ridens sanctus epicurei, ad pro possim eripuit adolescens, ad eos veritus molestie.\nNe aeterno urbanitas eum. Ei laudem animal consequat est, no vis ceteros maluisset neglegentur. Eum natum virtute in, ei consequat liberavisse vis. Eu mea lobortis assueverit, causae platonem eam ei, his cu omnis bonorum interesset. Ex euismod perfecto has, at deserunt sensibus recteque usu. Et simul decore quo, et mea periculis urbanitas, no eam cetero vivendum.\n', 'Author31', 'Editor31', NULL, NULL);
INSERT INTO `books` VALUES (95, 'Lorem ipsum dolor sit amet32', 'Lorem ipsum dolor sit amet, qui labores accumsan an. Omnes tamquam id ius. Nec eligendi convenire splendide te, id sea facete audiam. In vis ridens sanctus epicurei, ad pro possim eripuit adolescens, ad eos veritus molestie.\nNe aeterno urbanitas eum. Ei laudem animal consequat est, no vis ceteros maluisset neglegentur. Eum natum virtute in, ei consequat liberavisse vis. Eu mea lobortis assueverit, causae platonem eam ei, his cu omnis bonorum interesset. Ex euismod perfecto has, at deserunt sensibus recteque usu. Et simul decore quo, et mea periculis urbanitas, no eam cetero vivendum.\n', 'Author32', 'Editor32', NULL, NULL);
INSERT INTO `books` VALUES (96, 'Lorem ipsum dolor sit amet33', 'Lorem ipsum dolor sit amet, qui labores accumsan an. Omnes tamquam id ius. Nec eligendi convenire splendide te, id sea facete audiam. In vis ridens sanctus epicurei, ad pro possim eripuit adolescens, ad eos veritus molestie.\nNe aeterno urbanitas eum. Ei laudem animal consequat est, no vis ceteros maluisset neglegentur. Eum natum virtute in, ei consequat liberavisse vis. Eu mea lobortis assueverit, causae platonem eam ei, his cu omnis bonorum interesset. Ex euismod perfecto has, at deserunt sensibus recteque usu. Et simul decore quo, et mea periculis urbanitas, no eam cetero vivendum.\n', 'Author33', 'Editor33', NULL, NULL);
INSERT INTO `books` VALUES (97, 'Lorem ipsum dolor sit amet34', 'Lorem ipsum dolor sit amet, qui labores accumsan an. Omnes tamquam id ius. Nec eligendi convenire splendide te, id sea facete audiam. In vis ridens sanctus epicurei, ad pro possim eripuit adolescens, ad eos veritus molestie.\nNe aeterno urbanitas eum. Ei laudem animal consequat est, no vis ceteros maluisset neglegentur. Eum natum virtute in, ei consequat liberavisse vis. Eu mea lobortis assueverit, causae platonem eam ei, his cu omnis bonorum interesset. Ex euismod perfecto has, at deserunt sensibus recteque usu. Et simul decore quo, et mea periculis urbanitas, no eam cetero vivendum.\n', 'Author34', 'Editor34', NULL, NULL);
INSERT INTO `books` VALUES (98, 'Lorem ipsum dolor sit amet35', 'Lorem ipsum dolor sit amet, qui labores accumsan an. Omnes tamquam id ius. Nec eligendi convenire splendide te, id sea facete audiam. In vis ridens sanctus epicurei, ad pro possim eripuit adolescens, ad eos veritus molestie.\nNe aeterno urbanitas eum. Ei laudem animal consequat est, no vis ceteros maluisset neglegentur. Eum natum virtute in, ei consequat liberavisse vis. Eu mea lobortis assueverit, causae platonem eam ei, his cu omnis bonorum interesset. Ex euismod perfecto has, at deserunt sensibus recteque usu. Et simul decore quo, et mea periculis urbanitas, no eam cetero vivendum.\n', 'Author35', 'Editor35', NULL, NULL);
INSERT INTO `books` VALUES (99, 'Lorem ipsum dolor sit amet36', 'Lorem ipsum dolor sit amet, qui labores accumsan an. Omnes tamquam id ius. Nec eligendi convenire splendide te, id sea facete audiam. In vis ridens sanctus epicurei, ad pro possim eripuit adolescens, ad eos veritus molestie.\nNe aeterno urbanitas eum. Ei laudem animal consequat est, no vis ceteros maluisset neglegentur. Eum natum virtute in, ei consequat liberavisse vis. Eu mea lobortis assueverit, causae platonem eam ei, his cu omnis bonorum interesset. Ex euismod perfecto has, at deserunt sensibus recteque usu. Et simul decore quo, et mea periculis urbanitas, no eam cetero vivendum.\n', 'Author36', 'Editor36', NULL, NULL);
INSERT INTO `books` VALUES (100, 'Lorem ipsum dolor sit amet37', 'Lorem ipsum dolor sit amet, qui labores accumsan an. Omnes tamquam id ius. Nec eligendi convenire splendide te, id sea facete audiam. In vis ridens sanctus epicurei, ad pro possim eripuit adolescens, ad eos veritus molestie.\nNe aeterno urbanitas eum. Ei laudem animal consequat est, no vis ceteros maluisset neglegentur. Eum natum virtute in, ei consequat liberavisse vis. Eu mea lobortis assueverit, causae platonem eam ei, his cu omnis bonorum interesset. Ex euismod perfecto has, at deserunt sensibus recteque usu. Et simul decore quo, et mea periculis urbanitas, no eam cetero vivendum.\n', 'Author37', 'Editor37', NULL, NULL);
INSERT INTO `books` VALUES (101, 'Lorem ipsum dolor sit amet38', 'Lorem ipsum dolor sit amet, qui labores accumsan an. Omnes tamquam id ius. Nec eligendi convenire splendide te, id sea facete audiam. In vis ridens sanctus epicurei, ad pro possim eripuit adolescens, ad eos veritus molestie.\nNe aeterno urbanitas eum. Ei laudem animal consequat est, no vis ceteros maluisset neglegentur. Eum natum virtute in, ei consequat liberavisse vis. Eu mea lobortis assueverit, causae platonem eam ei, his cu omnis bonorum interesset. Ex euismod perfecto has, at deserunt sensibus recteque usu. Et simul decore quo, et mea periculis urbanitas, no eam cetero vivendum.\n', 'Author38', 'Editor38', NULL, NULL);
INSERT INTO `books` VALUES (102, 'Lorem ipsum dolor sit amet39', 'Lorem ipsum dolor sit amet, qui labores accumsan an. Omnes tamquam id ius. Nec eligendi convenire splendide te, id sea facete audiam. In vis ridens sanctus epicurei, ad pro possim eripuit adolescens, ad eos veritus molestie.\nNe aeterno urbanitas eum. Ei laudem animal consequat est, no vis ceteros maluisset neglegentur. Eum natum virtute in, ei consequat liberavisse vis. Eu mea lobortis assueverit, causae platonem eam ei, his cu omnis bonorum interesset. Ex euismod perfecto has, at deserunt sensibus recteque usu. Et simul decore quo, et mea periculis urbanitas, no eam cetero vivendum.\n', 'Author39', 'Editor39', NULL, NULL);
INSERT INTO `books` VALUES (103, 'Lorem ipsum dolor sit amet40', 'Lorem ipsum dolor sit amet, qui labores accumsan an. Omnes tamquam id ius. Nec eligendi convenire splendide te, id sea facete audiam. In vis ridens sanctus epicurei, ad pro possim eripuit adolescens, ad eos veritus molestie.\nNe aeterno urbanitas eum. Ei laudem animal consequat est, no vis ceteros maluisset neglegentur. Eum natum virtute in, ei consequat liberavisse vis. Eu mea lobortis assueverit, causae platonem eam ei, his cu omnis bonorum interesset. Ex euismod perfecto has, at deserunt sensibus recteque usu. Et simul decore quo, et mea periculis urbanitas, no eam cetero vivendum.\n', 'Author40', 'Editor40', NULL, NULL);
INSERT INTO `books` VALUES (104, 'Lorem ipsum dolor sit amet41', 'Lorem ipsum dolor sit amet, qui labores accumsan an. Omnes tamquam id ius. Nec eligendi convenire splendide te, id sea facete audiam. In vis ridens sanctus epicurei, ad pro possim eripuit adolescens, ad eos veritus molestie.\nNe aeterno urbanitas eum. Ei laudem animal consequat est, no vis ceteros maluisset neglegentur. Eum natum virtute in, ei consequat liberavisse vis. Eu mea lobortis assueverit, causae platonem eam ei, his cu omnis bonorum interesset. Ex euismod perfecto has, at deserunt sensibus recteque usu. Et simul decore quo, et mea periculis urbanitas, no eam cetero vivendum.\n', 'Author41', 'Editor41', NULL, NULL);
INSERT INTO `books` VALUES (105, 'Lorem ipsum dolor sit amet42', 'Lorem ipsum dolor sit amet, qui labores accumsan an. Omnes tamquam id ius. Nec eligendi convenire splendide te, id sea facete audiam. In vis ridens sanctus epicurei, ad pro possim eripuit adolescens, ad eos veritus molestie.\nNe aeterno urbanitas eum. Ei laudem animal consequat est, no vis ceteros maluisset neglegentur. Eum natum virtute in, ei consequat liberavisse vis. Eu mea lobortis assueverit, causae platonem eam ei, his cu omnis bonorum interesset. Ex euismod perfecto has, at deserunt sensibus recteque usu. Et simul decore quo, et mea periculis urbanitas, no eam cetero vivendum.\n', 'Author42', 'Editor42', NULL, NULL);
INSERT INTO `books` VALUES (106, 'Lorem ipsum dolor sit amet43', 'Lorem ipsum dolor sit amet, qui labores accumsan an. Omnes tamquam id ius. Nec eligendi convenire splendide te, id sea facete audiam. In vis ridens sanctus epicurei, ad pro possim eripuit adolescens, ad eos veritus molestie.\nNe aeterno urbanitas eum. Ei laudem animal consequat est, no vis ceteros maluisset neglegentur. Eum natum virtute in, ei consequat liberavisse vis. Eu mea lobortis assueverit, causae platonem eam ei, his cu omnis bonorum interesset. Ex euismod perfecto has, at deserunt sensibus recteque usu. Et simul decore quo, et mea periculis urbanitas, no eam cetero vivendum.\n', 'Author43', 'Editor43', NULL, NULL);
INSERT INTO `books` VALUES (107, 'Lorem ipsum dolor sit amet44', 'Lorem ipsum dolor sit amet, qui labores accumsan an. Omnes tamquam id ius. Nec eligendi convenire splendide te, id sea facete audiam. In vis ridens sanctus epicurei, ad pro possim eripuit adolescens, ad eos veritus molestie.\nNe aeterno urbanitas eum. Ei laudem animal consequat est, no vis ceteros maluisset neglegentur. Eum natum virtute in, ei consequat liberavisse vis. Eu mea lobortis assueverit, causae platonem eam ei, his cu omnis bonorum interesset. Ex euismod perfecto has, at deserunt sensibus recteque usu. Et simul decore quo, et mea periculis urbanitas, no eam cetero vivendum.\n', 'Author44', 'Editor44', NULL, NULL);
INSERT INTO `books` VALUES (108, 'Lorem ipsum dolor sit amet45', 'Lorem ipsum dolor sit amet, qui labores accumsan an. Omnes tamquam id ius. Nec eligendi convenire splendide te, id sea facete audiam. In vis ridens sanctus epicurei, ad pro possim eripuit adolescens, ad eos veritus molestie.\nNe aeterno urbanitas eum. Ei laudem animal consequat est, no vis ceteros maluisset neglegentur. Eum natum virtute in, ei consequat liberavisse vis. Eu mea lobortis assueverit, causae platonem eam ei, his cu omnis bonorum interesset. Ex euismod perfecto has, at deserunt sensibus recteque usu. Et simul decore quo, et mea periculis urbanitas, no eam cetero vivendum.\n', 'Author45', 'Editor45', NULL, NULL);
INSERT INTO `books` VALUES (109, 'Lorem ipsum dolor sit amet46', 'Lorem ipsum dolor sit amet, qui labores accumsan an. Omnes tamquam id ius. Nec eligendi convenire splendide te, id sea facete audiam. In vis ridens sanctus epicurei, ad pro possim eripuit adolescens, ad eos veritus molestie.\nNe aeterno urbanitas eum. Ei laudem animal consequat est, no vis ceteros maluisset neglegentur. Eum natum virtute in, ei consequat liberavisse vis. Eu mea lobortis assueverit, causae platonem eam ei, his cu omnis bonorum interesset. Ex euismod perfecto has, at deserunt sensibus recteque usu. Et simul decore quo, et mea periculis urbanitas, no eam cetero vivendum.\n', 'Author46', 'Editor46', NULL, NULL);
INSERT INTO `books` VALUES (110, 'Lorem ipsum dolor sit amet47', 'Lorem ipsum dolor sit amet, qui labores accumsan an. Omnes tamquam id ius. Nec eligendi convenire splendide te, id sea facete audiam. In vis ridens sanctus epicurei, ad pro possim eripuit adolescens, ad eos veritus molestie.\nNe aeterno urbanitas eum. Ei laudem animal consequat est, no vis ceteros maluisset neglegentur. Eum natum virtute in, ei consequat liberavisse vis. Eu mea lobortis assueverit, causae platonem eam ei, his cu omnis bonorum interesset. Ex euismod perfecto has, at deserunt sensibus recteque usu. Et simul decore quo, et mea periculis urbanitas, no eam cetero vivendum.\n', 'Author47', 'Editor47', NULL, NULL);
INSERT INTO `books` VALUES (111, 'Lorem ipsum dolor sit amet48', 'Lorem ipsum dolor sit amet, qui labores accumsan an. Omnes tamquam id ius. Nec eligendi convenire splendide te, id sea facete audiam. In vis ridens sanctus epicurei, ad pro possim eripuit adolescens, ad eos veritus molestie.\nNe aeterno urbanitas eum. Ei laudem animal consequat est, no vis ceteros maluisset neglegentur. Eum natum virtute in, ei consequat liberavisse vis. Eu mea lobortis assueverit, causae platonem eam ei, his cu omnis bonorum interesset. Ex euismod perfecto has, at deserunt sensibus recteque usu. Et simul decore quo, et mea periculis urbanitas, no eam cetero vivendum.\n', 'Author48', 'Editor48', NULL, NULL);
INSERT INTO `books` VALUES (112, 'Lorem ipsum dolor sit amet49', 'Lorem ipsum dolor sit amet, qui labores accumsan an. Omnes tamquam id ius. Nec eligendi convenire splendide te, id sea facete audiam. In vis ridens sanctus epicurei, ad pro possim eripuit adolescens, ad eos veritus molestie.\nNe aeterno urbanitas eum. Ei laudem animal consequat est, no vis ceteros maluisset neglegentur. Eum natum virtute in, ei consequat liberavisse vis. Eu mea lobortis assueverit, causae platonem eam ei, his cu omnis bonorum interesset. Ex euismod perfecto has, at deserunt sensibus recteque usu. Et simul decore quo, et mea periculis urbanitas, no eam cetero vivendum.\n', 'Author49', 'Editor49', NULL, NULL);
INSERT INTO `books` VALUES (113, 'Lorem ipsum dolor sit amet50', 'Lorem ipsum dolor sit amet, qui labores accumsan an. Omnes tamquam id ius. Nec eligendi convenire splendide te, id sea facete audiam. In vis ridens sanctus epicurei, ad pro possim eripuit adolescens, ad eos veritus molestie.\nNe aeterno urbanitas eum. Ei laudem animal consequat est, no vis ceteros maluisset neglegentur. Eum natum virtute in, ei consequat liberavisse vis. Eu mea lobortis assueverit, causae platonem eam ei, his cu omnis bonorum interesset. Ex euismod perfecto has, at deserunt sensibus recteque usu. Et simul decore quo, et mea periculis urbanitas, no eam cetero vivendum.\n', 'Author50', 'Editor50', NULL, NULL);
INSERT INTO `books` VALUES (114, 'Lorem ipsum dolor sit amet51', 'Lorem ipsum dolor sit amet, qui labores accumsan an. Omnes tamquam id ius. Nec eligendi convenire splendide te, id sea facete audiam. In vis ridens sanctus epicurei, ad pro possim eripuit adolescens, ad eos veritus molestie.\nNe aeterno urbanitas eum. Ei laudem animal consequat est, no vis ceteros maluisset neglegentur. Eum natum virtute in, ei consequat liberavisse vis. Eu mea lobortis assueverit, causae platonem eam ei, his cu omnis bonorum interesset. Ex euismod perfecto has, at deserunt sensibus recteque usu. Et simul decore quo, et mea periculis urbanitas, no eam cetero vivendum.\n', 'Author51', 'Editor51', NULL, NULL);
INSERT INTO `books` VALUES (115, 'Lorem ipsum dolor sit amet52', 'Lorem ipsum dolor sit amet, qui labores accumsan an. Omnes tamquam id ius. Nec eligendi convenire splendide te, id sea facete audiam. In vis ridens sanctus epicurei, ad pro possim eripuit adolescens, ad eos veritus molestie.\nNe aeterno urbanitas eum. Ei laudem animal consequat est, no vis ceteros maluisset neglegentur. Eum natum virtute in, ei consequat liberavisse vis. Eu mea lobortis assueverit, causae platonem eam ei, his cu omnis bonorum interesset. Ex euismod perfecto has, at deserunt sensibus recteque usu. Et simul decore quo, et mea periculis urbanitas, no eam cetero vivendum.\n', 'Author52', 'Editor52', NULL, NULL);
INSERT INTO `books` VALUES (116, 'Lorem ipsum dolor sit amet53', 'Lorem ipsum dolor sit amet, qui labores accumsan an. Omnes tamquam id ius. Nec eligendi convenire splendide te, id sea facete audiam. In vis ridens sanctus epicurei, ad pro possim eripuit adolescens, ad eos veritus molestie.\nNe aeterno urbanitas eum. Ei laudem animal consequat est, no vis ceteros maluisset neglegentur. Eum natum virtute in, ei consequat liberavisse vis. Eu mea lobortis assueverit, causae platonem eam ei, his cu omnis bonorum interesset. Ex euismod perfecto has, at deserunt sensibus recteque usu. Et simul decore quo, et mea periculis urbanitas, no eam cetero vivendum.\n', 'Author53', 'Editor53', NULL, NULL);
INSERT INTO `books` VALUES (117, 'Lorem ipsum dolor sit amet54', 'Lorem ipsum dolor sit amet, qui labores accumsan an. Omnes tamquam id ius. Nec eligendi convenire splendide te, id sea facete audiam. In vis ridens sanctus epicurei, ad pro possim eripuit adolescens, ad eos veritus molestie.\nNe aeterno urbanitas eum. Ei laudem animal consequat est, no vis ceteros maluisset neglegentur. Eum natum virtute in, ei consequat liberavisse vis. Eu mea lobortis assueverit, causae platonem eam ei, his cu omnis bonorum interesset. Ex euismod perfecto has, at deserunt sensibus recteque usu. Et simul decore quo, et mea periculis urbanitas, no eam cetero vivendum.\n', 'Author54', 'Editor54', NULL, NULL);
INSERT INTO `books` VALUES (118, 'Lorem ipsum dolor sit amet55', 'Lorem ipsum dolor sit amet, qui labores accumsan an. Omnes tamquam id ius. Nec eligendi convenire splendide te, id sea facete audiam. In vis ridens sanctus epicurei, ad pro possim eripuit adolescens, ad eos veritus molestie.\nNe aeterno urbanitas eum. Ei laudem animal consequat est, no vis ceteros maluisset neglegentur. Eum natum virtute in, ei consequat liberavisse vis. Eu mea lobortis assueverit, causae platonem eam ei, his cu omnis bonorum interesset. Ex euismod perfecto has, at deserunt sensibus recteque usu. Et simul decore quo, et mea periculis urbanitas, no eam cetero vivendum.\n', 'Author55', 'Editor55', NULL, NULL);
INSERT INTO `books` VALUES (119, 'Lorem ipsum dolor sit amet56', 'Lorem ipsum dolor sit amet, qui labores accumsan an. Omnes tamquam id ius. Nec eligendi convenire splendide te, id sea facete audiam. In vis ridens sanctus epicurei, ad pro possim eripuit adolescens, ad eos veritus molestie.\nNe aeterno urbanitas eum. Ei laudem animal consequat est, no vis ceteros maluisset neglegentur. Eum natum virtute in, ei consequat liberavisse vis. Eu mea lobortis assueverit, causae platonem eam ei, his cu omnis bonorum interesset. Ex euismod perfecto has, at deserunt sensibus recteque usu. Et simul decore quo, et mea periculis urbanitas, no eam cetero vivendum.\n', 'Author56', 'Editor56', NULL, NULL);
INSERT INTO `books` VALUES (120, 'Lorem ipsum dolor sit amet57', 'Lorem ipsum dolor sit amet, qui labores accumsan an. Omnes tamquam id ius. Nec eligendi convenire splendide te, id sea facete audiam. In vis ridens sanctus epicurei, ad pro possim eripuit adolescens, ad eos veritus molestie.\nNe aeterno urbanitas eum. Ei laudem animal consequat est, no vis ceteros maluisset neglegentur. Eum natum virtute in, ei consequat liberavisse vis. Eu mea lobortis assueverit, causae platonem eam ei, his cu omnis bonorum interesset. Ex euismod perfecto has, at deserunt sensibus recteque usu. Et simul decore quo, et mea periculis urbanitas, no eam cetero vivendum.\n', 'Author57', 'Editor57', NULL, NULL);
INSERT INTO `books` VALUES (121, 'Lorem ipsum dolor sit amet58', 'Lorem ipsum dolor sit amet, qui labores accumsan an. Omnes tamquam id ius. Nec eligendi convenire splendide te, id sea facete audiam. In vis ridens sanctus epicurei, ad pro possim eripuit adolescens, ad eos veritus molestie.\nNe aeterno urbanitas eum. Ei laudem animal consequat est, no vis ceteros maluisset neglegentur. Eum natum virtute in, ei consequat liberavisse vis. Eu mea lobortis assueverit, causae platonem eam ei, his cu omnis bonorum interesset. Ex euismod perfecto has, at deserunt sensibus recteque usu. Et simul decore quo, et mea periculis urbanitas, no eam cetero vivendum.\n', 'Author58', 'Editor58', NULL, NULL);
INSERT INTO `books` VALUES (122, 'Lorem ipsum dolor sit amet59', 'Lorem ipsum dolor sit amet, qui labores accumsan an. Omnes tamquam id ius. Nec eligendi convenire splendide te, id sea facete audiam. In vis ridens sanctus epicurei, ad pro possim eripuit adolescens, ad eos veritus molestie.\nNe aeterno urbanitas eum. Ei laudem animal consequat est, no vis ceteros maluisset neglegentur. Eum natum virtute in, ei consequat liberavisse vis. Eu mea lobortis assueverit, causae platonem eam ei, his cu omnis bonorum interesset. Ex euismod perfecto has, at deserunt sensibus recteque usu. Et simul decore quo, et mea periculis urbanitas, no eam cetero vivendum.\n', 'Author59', 'Editor59', NULL, NULL);
INSERT INTO `books` VALUES (123, 'Lorem ipsum dolor sit amet60', 'Lorem ipsum dolor sit amet, qui labores accumsan an. Omnes tamquam id ius. Nec eligendi convenire splendide te, id sea facete audiam. In vis ridens sanctus epicurei, ad pro possim eripuit adolescens, ad eos veritus molestie.\nNe aeterno urbanitas eum. Ei laudem animal consequat est, no vis ceteros maluisset neglegentur. Eum natum virtute in, ei consequat liberavisse vis. Eu mea lobortis assueverit, causae platonem eam ei, his cu omnis bonorum interesset. Ex euismod perfecto has, at deserunt sensibus recteque usu. Et simul decore quo, et mea periculis urbanitas, no eam cetero vivendum.\n', 'Author60', 'Editor60', NULL, NULL);
INSERT INTO `books` VALUES (124, 'Lorem ipsum dolor sit amet61', 'Lorem ipsum dolor sit amet, qui labores accumsan an. Omnes tamquam id ius. Nec eligendi convenire splendide te, id sea facete audiam. In vis ridens sanctus epicurei, ad pro possim eripuit adolescens, ad eos veritus molestie.\nNe aeterno urbanitas eum. Ei laudem animal consequat est, no vis ceteros maluisset neglegentur. Eum natum virtute in, ei consequat liberavisse vis. Eu mea lobortis assueverit, causae platonem eam ei, his cu omnis bonorum interesset. Ex euismod perfecto has, at deserunt sensibus recteque usu. Et simul decore quo, et mea periculis urbanitas, no eam cetero vivendum.\n', 'Author61', 'Editor61', NULL, NULL);
INSERT INTO `books` VALUES (125, 'Lorem ipsum dolor sit amet62', 'Lorem ipsum dolor sit amet, qui labores accumsan an. Omnes tamquam id ius. Nec eligendi convenire splendide te, id sea facete audiam. In vis ridens sanctus epicurei, ad pro possim eripuit adolescens, ad eos veritus molestie.\nNe aeterno urbanitas eum. Ei laudem animal consequat est, no vis ceteros maluisset neglegentur. Eum natum virtute in, ei consequat liberavisse vis. Eu mea lobortis assueverit, causae platonem eam ei, his cu omnis bonorum interesset. Ex euismod perfecto has, at deserunt sensibus recteque usu. Et simul decore quo, et mea periculis urbanitas, no eam cetero vivendum.\n', 'Author62', 'Editor62', NULL, NULL);
INSERT INTO `books` VALUES (126, 'Lorem ipsum dolor sit amet63', 'Lorem ipsum dolor sit amet, qui labores accumsan an. Omnes tamquam id ius. Nec eligendi convenire splendide te, id sea facete audiam. In vis ridens sanctus epicurei, ad pro possim eripuit adolescens, ad eos veritus molestie.\nNe aeterno urbanitas eum. Ei laudem animal consequat est, no vis ceteros maluisset neglegentur. Eum natum virtute in, ei consequat liberavisse vis. Eu mea lobortis assueverit, causae platonem eam ei, his cu omnis bonorum interesset. Ex euismod perfecto has, at deserunt sensibus recteque usu. Et simul decore quo, et mea periculis urbanitas, no eam cetero vivendum.\n', 'Author63', 'Editor63', NULL, NULL);

-- ----------------------------
-- Table structure for cache
-- ----------------------------
DROP TABLE IF EXISTS `cache`;
CREATE TABLE `cache`  (
  `key` varchar(255) CHARACTER SET utf8mb4 COLLATE utf8mb4_unicode_ci NOT NULL,
  `value` text CHARACTER SET utf8mb4 COLLATE utf8mb4_unicode_ci NOT NULL,
  `expiration` int(11) NOT NULL,
  UNIQUE INDEX `cache_key_unique`(`key`) USING BTREE
) ENGINE = InnoDB CHARACTER SET = utf8mb4 COLLATE = utf8mb4_unicode_ci ROW_FORMAT = Dynamic;

-- ----------------------------
-- Table structure for migrations
-- ----------------------------
DROP TABLE IF EXISTS `migrations`;
CREATE TABLE `migrations`  (
  `id` int(10) UNSIGNED NOT NULL AUTO_INCREMENT,
  `migration` varchar(255) CHARACTER SET utf8mb4 COLLATE utf8mb4_unicode_ci NOT NULL,
  `batch` int(11) NOT NULL,
  PRIMARY KEY (`id`) USING BTREE
) ENGINE = InnoDB AUTO_INCREMENT = 5 CHARACTER SET = utf8mb4 COLLATE = utf8mb4_unicode_ci ROW_FORMAT = Dynamic;

-- ----------------------------
-- Records of migrations
-- ----------------------------
INSERT INTO `migrations` VALUES (1, '2014_10_12_000000_create_users_table', 1);
INSERT INTO `migrations` VALUES (2, '2014_10_12_100000_create_password_resets_table', 1);
INSERT INTO `migrations` VALUES (3, '2019_05_05_102430_create_cache_table', 1);
INSERT INTO `migrations` VALUES (4, '2019_05_05_102448_create_books_table', 1);

-- ----------------------------
-- Table structure for password_resets
-- ----------------------------
DROP TABLE IF EXISTS `password_resets`;
CREATE TABLE `password_resets`  (
  `email` varchar(255) CHARACTER SET utf8mb4 COLLATE utf8mb4_unicode_ci NOT NULL,
  `token` varchar(255) CHARACTER SET utf8mb4 COLLATE utf8mb4_unicode_ci NOT NULL,
  `created_at` timestamp(0) NULL DEFAULT NULL,
  INDEX `password_resets_email_index`(`email`) USING BTREE
) ENGINE = InnoDB CHARACTER SET = utf8mb4 COLLATE = utf8mb4_unicode_ci ROW_FORMAT = Dynamic;

-- ----------------------------
-- Table structure for users
-- ----------------------------
DROP TABLE IF EXISTS `users`;
CREATE TABLE `users`  (
  `id` int(10) UNSIGNED NOT NULL AUTO_INCREMENT,
  `name` varchar(255) CHARACTER SET utf8mb4 COLLATE utf8mb4_unicode_ci NOT NULL,
  `email` varchar(255) CHARACTER SET utf8mb4 COLLATE utf8mb4_unicode_ci NOT NULL,
  `email_verified_at` timestamp(0) NULL DEFAULT NULL,
  `password` varchar(255) CHARACTER SET utf8mb4 COLLATE utf8mb4_unicode_ci NOT NULL,
  `remember_token` varchar(100) CHARACTER SET utf8mb4 COLLATE utf8mb4_unicode_ci NULL DEFAULT NULL,
  `created_at` timestamp(0) NULL DEFAULT NULL,
  `updated_at` timestamp(0) NULL DEFAULT NULL,
  PRIMARY KEY (`id`) USING BTREE,
  UNIQUE INDEX `users_email_unique`(`email`) USING BTREE
) ENGINE = InnoDB AUTO_INCREMENT = 2 CHARACTER SET = utf8mb4 COLLATE = utf8mb4_unicode_ci ROW_FORMAT = Dynamic;

-- ----------------------------
-- Records of users
-- ----------------------------
INSERT INTO `users` VALUES (1, 'Admoo Finance', 'info@admoo.lk', NULL, '$2y$10$xyQLtdSKcD9o/GoP4wrZIuw8k6U0nWaoabzm9vJbCj4moQW5CXrEG', '1aZf0HKSv6tMpV1z5BoJDU7thovbqnD3vaYveD3ZW8IL3PEiwbh5YhHj96aV', '2019-05-05 10:34:31', '2019-05-05 10:34:31');

SET FOREIGN_KEY_CHECKS = 1;
